SET FOREIGN_KEY_CHECKS=0;
SET SQL_MODE="NO_AUTO_VALUE_ON_ZERO";
SET AUTOCOMMIT=0;
START TRANSACTION;

/*!40101 SET @OLD_CHARACTER_SET_CLIENT=@@CHARACTER_SET_CLIENT */;
/*!40101 SET @OLD_CHARACTER_SET_RESULTS=@@CHARACTER_SET_RESULTS */;
/*!40101 SET @OLD_COLLATION_CONNECTION=@@COLLATION_CONNECTION */;
/*!40101 SET NAMES utf8 */;


INSERT INTO advise (id, client_id, file_type_id) VALUES
(1, 40, 1),
(2, 40, 3);

INSERT INTO asset (id, name) VALUES
(1, 'Checking account'),
(2, 'Savings acounts'),
(3, 'Bank CD'),
(4, 'House'),
(5, 'Vehicle');

INSERT INTO bank (id, name) VALUES
(1, 'Bank 1'),
(2, 'Bank 2'),
(3, 'Bank 3');

INSERT INTO source (id, name) VALUES
(1, 'Radio'),
(2, 'TV'),
(3, 'Internet'),
(4, 'Prensa');

INSERT INTO city (id, state_id, name) VALUES
(1, 1, 'Los Angeles');

INSERT INTO client_assets (id, client_id, asset_id, estimated_value) VALUES
(1, 40, 5, 25000.00);

INSERT INTO client_expenses (id, client_id, expense_id, amount, comments) VALUES
(1, 40, 1, 2000.00, 'Comentarios'),
(2, 40, 4, 20.00, '');

INSERT INTO client_file (id, client_id, department_id, assigned_to, file_type, date_start, date_end, description, is_active, created_by, updated_by, version) VALUES
(1, 35, 1, 13, 1, '2010-08-18 00:00:00', '2010-08-18 00:00:00', '', 1, 13, 13, 1),
(2, 35, 1, 13, 3, '2010-08-19 00:00:00', '2010-08-19 00:00:00', '', 1, 13, 13, 1);

INSERT INTO client_file_version (id, client_id, department_id, assigned_to, file_type, date_start, date_end, description, is_active, created_by, updated_by, version) VALUES
(1, 35, 1, 13, 1, '2010-08-18 00:00:00', '2010-08-18 00:00:00', '', 1, 13, 13, 1),
(2, 35, 1, 13, 3, '2010-08-19 00:00:00', '2010-08-19 00:00:00', '', 1, 13, 13, 1);

INSERT INTO client_incomes (id, client_id, income_id, amount, comments) VALUES
(1, 40, 5, 3000.00, ''),
(2, 40, 6, 500.00, '');

INSERT INTO client_liabilities (id, client_id, liabilities_id, monthly_payment, balance_due) VALUES
(1, 40, 1, 200.00, 100.00);


INSERT INTO company (id, name, address, phone) VALUES
(1, 'Win Dixie', '', '');

INSERT INTO department (id, name, css_class_list) VALUES
(1, 'Procesamiento', 'ev-stat-pending'),
(2, 'Contabilidad', 'ev-stat-in-progress'),
(3, 'Estructuración', 'ev-stat-finished');

INSERT INTO dm_area (id, dm_layout_id, dm_page_view_id, type) VALUES
(1, NULL, 2, '1'),
(2, NULL, 3, '1'),
(3, 1, NULL, 'top'),
(4, 1, NULL, 'left'),
(5, NULL, 1, 'content'),
(6, 1, NULL, 'right'),
(7, 1, NULL, 'bottom'),
(8, NULL, 4, 'content'),
(9, NULL, 5, 'content'),
(10, NULL, 6, 'content'),
(11, NULL, 3, 'content'),
(12, NULL, 2, 'content'),
(13, NULL, 8, '1'),
(14, NULL, 8, 'content'),
(15, NULL, 9, 'content'),
(16, NULL, 10, 'content'),
(17, NULL, 7, 'content'),
(18, NULL, 11, 'content'),
(19, NULL, 13, 'content'),
(20, NULL, 14, 'content'),
(21, NULL, 12, 'content'),
(22, NULL, 16, 'content'),
(23, NULL, 17, 'content'),
(24, NULL, 18, 'content'),
(25, NULL, 19, 'content'),
(26, NULL, 20, 'content'),
(27, NULL, 21, 'content'),
(28, NULL, 15, 'content'),
(29, NULL, 22, 'content'),
(30, NULL, 23, 'content'),
(31, NULL, 24, 'content');

INSERT INTO dm_auto_seo (id, module, action, created_at, updated_at) VALUES
(1, 'event', 'show', '2010-06-11 11:16:14', '2010-06-11 11:16:14'),
(2, 'dmTag', 'show', '2010-06-24 23:02:53', '2010-06-24 23:02:53'),
(3, 'client', 'show', '2010-07-16 12:09:21', '2010-07-16 12:09:21'),
(4, 'clientFile', 'show', '2010-07-16 12:09:21', '2010-07-16 12:09:21');

INSERT INTO dm_auto_seo_translation (id, slug, name, title, h1, description, keywords, strip_words, lang) VALUES
(1, '%event.title%', '%event.title%', '%event.title%', NULL, '%event.description%', NULL, NULL, 'es'),
(2, '%dm_tag.name%', '%dm_tag.name%', '%dm_tag.name%', NULL, '%dm_tag.name%', NULL, NULL, 'es'),
(3, '%client%', '%client%', '%client%', NULL, '%client%', NULL, NULL, 'es'),
(4, '%client_file%', '%client_file%', '%client_file%', NULL, '%client_file.description%', NULL, NULL, 'es');

INSERT INTO dm_catalogue (id, name, source_lang, target_lang) VALUES
(1, 'messages.es', 'en', 'es'),
(2, 'dm.es', 'en', 'es');


INSERT INTO dm_error (id, php_class, name, description, module, action, uri, env, created_at) VALUES
(1, 'sfException', 'Call to undefined method EventAdminForm::setFancyDateTimeSelecter.', 'Call to undefined method EventAdminForm::setFancyDateTimeSelecter.\n#0 [internal function]: sfFormSymfony->__call(''setFancyDateTim...'', Array)\n#1 D:\\xampp\\htdocs\\intranet\\apps\\admin\\modules\\event\\lib\\EventAdminForm.php(54): EventAdminForm->setFancyDateTimeSelecter(true)\n#2 D:\\xampp\\htdocs\\intranet\\apps\\admin\\modules\\event\\lib\\EventAdminForm.php(71): EventAdminForm->configureGeneralFeatures()\n#3 D:\\xampp\\htdocs\\intranet\\apps\\admin\\modules\\event\\lib\\EventAdminForm.php(109): EventAdminForm->configureFormForBackend()\n#4 D:\\xampp\\htdocs\\intranet\\lib\\vendor\\diem\\symfony\\lib\\form\\sfForm.class.php(70): EventAdminForm->configure()\n#5 D:\\xampp\\htdocs\\intranet\\lib\\vendor\\diem\\symfony\\lib\\form\\addon\\sfFormSymfony.class.php(33): sfForm->__construct(Array, Array, NULL)\n#6 D:\\xampp\\htdocs\\intranet\\lib\\vendor\\diem\\symfony\\lib\\plugins\\sfDoctrinePlugin\\lib\\form\\sfFormDoctrine.class.php(52): sfFormSymfony->__construct(Array, Array, NULL)\n#7 D:\\xampp\\htdocs\\intranet\\lib\\vendor\\diem\\symfony\\lib\\generator\\sfModelGeneratorConfiguration.class.php(484): sfFormDoctrine->__construct(Object(Event), Array)\n#8 D:\\xampp\\htdocs\\intranet\\cache\\admin\\dev\\modules\\autoEvent\\actions\\actions.class.php(148): sfModelGeneratorConfiguration->getForm(Object(Event))\n#9 D:\\xampp\\htdocs\\intranet\\lib\\vendor\\diem\\symfony\\lib\\action\\sfActions.class.php(60): autoEventActions->executeEdit(Object(dmWebRequest))\n#10 D:\\xampp\\htdocs\\intranet\\lib\\vendor\\diem\\symfony\\lib\\filter\\sfExecutionFilter.class.php(92): sfActions->execute(Object(dmWebRequest))\n#11 D:\\xampp\\htdocs\\intranet\\lib\\vendor\\diem\\symfony\\lib\\filter\\sfExecutionFilter.class.php(78): sfExecutionFilter->executeAction(Object(eventActions))\n#12 D:\\xampp\\htdocs\\intranet\\lib\\vendor\\diem\\symfony\\lib\\filter\\sfExecutionFilter.class.php(42): sfExecutionFilter->handleAction(Object(sfFilterChain), Object(eventActions))\n#13 D:\\xampp\\htdocs\\intranet\\lib\\vendor\\diem\\symfony\\lib\\filter\\sfFilterChain.class.php(53): sfExecutionFilter->execute(Object(sfFilterChain))\n#14 D:\\xampp\\htdocs\\intranet\\lib\\vendor\\diem\\dmAdminPlugin\\lib\\filter\\dmAdminInitFilter.php(32): sfFilterChain->execute()\n#15 D:\\xampp\\htdocs\\intranet\\lib\\vendor\\diem\\symfony\\lib\\filter\\sfFilterChain.class.php(53): dmAdminInitFilter->execute(Object(sfFilterChain))\n#16 D:\\xampp\\htdocs\\intranet\\lib\\vendor\\diem\\symfony\\lib\\filter\\sfBasicSecurityFilter.class.php(72): sfFilterChain->execute()\n#17 D:\\xampp\\htdocs\\intranet\\lib\\vendor\\diem\\symfony\\lib\\filter\\sfFilterChain.class.php(53): sfBasicSecurityFilter->execute(Object(sfFilterChain))\n#18 D:\\xampp\\htdocs\\intranet\\lib\\vendor\\diem\\dmCorePlugin\\plugins\\dmUserPlugin\\lib\\dmRememberMeFilter.class.php(56): sfFilterChain->execute()\n#19 D:\\xampp\\htdocs\\intranet\\lib\\vendor\\diem\\symfony\\lib\\filter\\sfFilterChain.class.php(53): dmRememberMeFilter->execute(Object(sfFilterChain))\n#20 D:\\xampp\\htdocs\\intranet\\lib\\vendor\\diem\\symfony\\lib\\filter\\sfRenderingFilter.class.php(33): sfFilterChain->execute()\n#21 D:\\xampp\\htdocs\\intranet\\lib\\vendor\\diem\\symfony\\lib\\filter\\sfFilterChain.class.php(53): sfRenderingFilter->execute(Object(sfFilterChain))\n#22 D:\\xampp\\htdocs\\intranet\\lib\\vendor\\diem\\symfony\\lib\\controller\\sfController.class.php(233): sfFilterChain->execute()\n#23 D:\\xampp\\htdocs\\intranet\\lib\\vendor\\diem\\symfony\\lib\\controller\\sfFrontWebController.class.php(48): sfController->forward(''event'', ''edit'')\n#24 D:\\xampp\\htdocs\\intranet\\lib\\vendor\\diem\\dmCorePlugin\\lib\\context\\dmContext.php(280): sfFrontWebController->dispatch()\n#25 D:\\xampp\\htdocs\\intranet\\web\\admin_dev.php(7): dmContext->dispatch()\n#26 {main}', 'event', 'edit', 'http://intranet/admin_dev.php/content/calendario/eventos/edit/pk/5', 'dev', '2010-08-29 04:48:39'),
(2, 'dmException', 'phraseology_id is not a valid form field', 'phraseology_id is not a valid form field\n#0 D:\\xampp\\htdocs\\intranet\\lib\\vendor\\diem\\symfony\\lib\\view\\sfPHPView.class.php(75): require()\n#1 D:\\xampp\\htdocs\\intranet\\lib\\vendor\\diem\\symfony\\lib\\view\\sfPartialView.class.php(110): sfPHPView->renderFile(''D:\\xampp\\htdocs...'')\n#2 D:\\xampp\\htdocs\\intranet\\lib\\vendor\\diem\\symfony\\lib\\helper\\PartialHelper.php(218): sfPartialView->render()\n#3 D:\\xampp\\htdocs\\intranet\\lib\\vendor\\diem\\symfony\\lib\\helper\\PartialHelper.php(180): get_partial(''event/form_fiel...'', Array)\n#4 D:\\xampp\\htdocs\\intranet\\cache\\admin\\dev\\modules\\autoEvent\\templates\\_form_fieldset.php(24): include_partial(''event/form_fiel...'', Array)\n#5 D:\\xampp\\htdocs\\intranet\\lib\\vendor\\diem\\symfony\\lib\\view\\sfPHPView.class.php(75): require(''D:\\xampp\\htdocs...'')\n#6 D:\\xampp\\htdocs\\intranet\\lib\\vendor\\diem\\symfony\\lib\\view\\sfPartialView.class.php(110): sfPHPView->renderFile(''D:\\xampp\\htdocs...'')\n#7 D:\\xampp\\htdocs\\intranet\\lib\\vendor\\diem\\symfony\\lib\\helper\\PartialHelper.php(218): sfPartialView->render()\n#8 D:\\xampp\\htdocs\\intranet\\lib\\vendor\\diem\\symfony\\lib\\helper\\PartialHelper.php(180): get_partial(''event/form_fiel...'', Array)\n#9 D:\\xampp\\htdocs\\intranet\\cache\\admin\\dev\\modules\\autoEvent\\templates\\_form.php(29): include_partial(''event/form_fiel...'', Array)\n#10 D:\\xampp\\htdocs\\intranet\\lib\\vendor\\diem\\symfony\\lib\\view\\sfPHPView.class.php(75): require(''D:\\xampp\\htdocs...'')\n#11 D:\\xampp\\htdocs\\intranet\\lib\\vendor\\diem\\symfony\\lib\\view\\sfPartialView.class.php(110): sfPHPView->renderFile(''D:\\xampp\\htdocs...'')\n#12 D:\\xampp\\htdocs\\intranet\\lib\\vendor\\diem\\symfony\\lib\\helper\\PartialHelper.php(218): sfPartialView->render()\n#13 D:\\xampp\\htdocs\\intranet\\lib\\vendor\\diem\\symfony\\lib\\helper\\PartialHelper.php(180): get_partial(''event/form'', Array)\n#14 D:\\xampp\\htdocs\\intranet\\cache\\admin\\dev\\modules\\autoEvent\\templates\\editSuccess.php(33): include_partial(''event/form'', Array)\n#15 D:\\xampp\\htdocs\\intranet\\lib\\vendor\\diem\\symfony\\lib\\view\\sfPHPView.class.php(75): require(''D:\\xampp\\htdocs...'')\n#16 D:\\xampp\\htdocs\\intranet\\lib\\vendor\\diem\\symfony\\lib\\view\\sfPHPView.class.php(185): sfPHPView->renderFile(''D:\\xampp\\htdocs...'')\n#17 D:\\xampp\\htdocs\\intranet\\lib\\vendor\\diem\\symfony\\lib\\filter\\sfExecutionFilter.class.php(155): sfPHPView->render()\n#18 D:\\xampp\\htdocs\\intranet\\lib\\vendor\\diem\\symfony\\lib\\filter\\sfExecutionFilter.class.php(116): sfExecutionFilter->executeView(''event'', ''edit'', ''Success'', Array)\n#19 D:\\xampp\\htdocs\\intranet\\lib\\vendor\\diem\\symfony\\lib\\filter\\sfExecutionFilter.class.php(47): sfExecutionFilter->handleView(Object(sfFilterChain), Object(eventActions), ''Success'')\n#20 D:\\xampp\\htdocs\\intranet\\lib\\vendor\\diem\\symfony\\lib\\filter\\sfFilterChain.class.php(53): sfExecutionFilter->execute(Object(sfFilterChain))\n#21 D:\\xampp\\htdocs\\intranet\\lib\\vendor\\diem\\dmAdminPlugin\\lib\\filter\\dmAdminInitFilter.php(32): sfFilterChain->execute()\n#22 D:\\xampp\\htdocs\\intranet\\lib\\vendor\\diem\\symfony\\lib\\filter\\sfFilterChain.class.php(53): dmAdminInitFilter->execute(Object(sfFilterChain))\n#23 D:\\xampp\\htdocs\\intranet\\lib\\vendor\\diem\\symfony\\lib\\filter\\sfBasicSecurityFilter.class.php(72): sfFilterChain->execute()\n#24 D:\\xampp\\htdocs\\intranet\\lib\\vendor\\diem\\symfony\\lib\\filter\\sfFilterChain.class.php(53): sfBasicSecurityFilter->execute(Object(sfFilterChain))\n#25 D:\\xampp\\htdocs\\intranet\\lib\\vendor\\diem\\dmCorePlugin\\plugins\\dmUserPlugin\\lib\\dmRememberMeFilter.class.php(56): sfFilterChain->execute()\n#26 D:\\xampp\\htdocs\\intranet\\lib\\vendor\\diem\\symfony\\lib\\filter\\sfFilterChain.class.php(53): dmRememberMeFilter->execute(Object(sfFilterChain))\n#27 D:\\xampp\\htdocs\\intranet\\lib\\vendor\\diem\\symfony\\lib\\filter\\sfRenderingFilter.class.php(33): sfFilterChain->execute()\n#28 D:\\xampp\\htdocs\\intranet\\lib\\vendor\\diem\\symfony\\lib\\filter\\sfFilterChain.class.php(53): sfRenderingFilter->execute(Object(sfFilterChain))\n#29 D:\\xampp\\htdocs\\intranet\\lib\\vendor\\diem\\symfony\\lib\\controller\\sfController.class.php(233): sfFilterChain->execute()\n#30 D:\\xampp\\htdocs\\intranet\\lib\\vendor\\diem\\symfony\\lib\\controller\\sfFrontWebController.class.php(48): sfController->forward(''event'', ''edit'')\n#31 D:\\xampp\\htdocs\\intranet\\lib\\vendor\\diem\\dmCorePlugin\\lib\\context\\dmContext.php(280): sfFrontWebController->dispatch()\n#32 D:\\xampp\\htdocs\\intranet\\web\\admin_dev.php(7): dmContext->dispatch()\n#33 {main}', 'event', 'edit', 'http://intranet/admin_dev.php/content/calendario/eventos/edit/pk/5', 'dev', '2010-08-29 22:31:02'),
(3, 'dmException', 'phraseology_id is not a valid form field', 'phraseology_id is not a valid form field\n#0 D:\\xampp\\htdocs\\intranet\\lib\\vendor\\diem\\symfony\\lib\\view\\sfPHPView.class.php(75): require()\n#1 D:\\xampp\\htdocs\\intranet\\lib\\vendor\\diem\\symfony\\lib\\view\\sfPartialView.class.php(110): sfPHPView->renderFile(''D:\\xampp\\htdocs...'')\n#2 D:\\xampp\\htdocs\\intranet\\lib\\vendor\\diem\\symfony\\lib\\helper\\PartialHelper.php(218): sfPartialView->render()\n#3 D:\\xampp\\htdocs\\intranet\\lib\\vendor\\diem\\symfony\\lib\\helper\\PartialHelper.php(180): get_partial(''event/form_fiel...'', Array)\n#4 D:\\xampp\\htdocs\\intranet\\cache\\admin\\dev\\modules\\autoEvent\\templates\\_form_fieldset.php(24): include_partial(''event/form_fiel...'', Array)\n#5 D:\\xampp\\htdocs\\intranet\\lib\\vendor\\diem\\symfony\\lib\\view\\sfPHPView.class.php(75): require(''D:\\xampp\\htdocs...'')\n#6 D:\\xampp\\htdocs\\intranet\\lib\\vendor\\diem\\symfony\\lib\\view\\sfPartialView.class.php(110): sfPHPView->renderFile(''D:\\xampp\\htdocs...'')\n#7 D:\\xampp\\htdocs\\intranet\\lib\\vendor\\diem\\symfony\\lib\\helper\\PartialHelper.php(218): sfPartialView->render()\n#8 D:\\xampp\\htdocs\\intranet\\lib\\vendor\\diem\\symfony\\lib\\helper\\PartialHelper.php(180): get_partial(''event/form_fiel...'', Array)\n#9 D:\\xampp\\htdocs\\intranet\\cache\\admin\\dev\\modules\\autoEvent\\templates\\_form.php(29): include_partial(''event/form_fiel...'', Array)\n#10 D:\\xampp\\htdocs\\intranet\\lib\\vendor\\diem\\symfony\\lib\\view\\sfPHPView.class.php(75): require(''D:\\xampp\\htdocs...'')\n#11 D:\\xampp\\htdocs\\intranet\\lib\\vendor\\diem\\symfony\\lib\\view\\sfPartialView.class.php(110): sfPHPView->renderFile(''D:\\xampp\\htdocs...'')\n#12 D:\\xampp\\htdocs\\intranet\\lib\\vendor\\diem\\symfony\\lib\\helper\\PartialHelper.php(218): sfPartialView->render()\n#13 D:\\xampp\\htdocs\\intranet\\lib\\vendor\\diem\\symfony\\lib\\helper\\PartialHelper.php(180): get_partial(''event/form'', Array)\n#14 D:\\xampp\\htdocs\\intranet\\cache\\admin\\dev\\modules\\autoEvent\\templates\\editSuccess.php(33): include_partial(''event/form'', Array)\n#15 D:\\xampp\\htdocs\\intranet\\lib\\vendor\\diem\\symfony\\lib\\view\\sfPHPView.class.php(75): require(''D:\\xampp\\htdocs...'')\n#16 D:\\xampp\\htdocs\\intranet\\lib\\vendor\\diem\\symfony\\lib\\view\\sfPHPView.class.php(185): sfPHPView->renderFile(''D:\\xampp\\htdocs...'')\n#17 D:\\xampp\\htdocs\\intranet\\lib\\vendor\\diem\\symfony\\lib\\filter\\sfExecutionFilter.class.php(155): sfPHPView->render()\n#18 D:\\xampp\\htdocs\\intranet\\lib\\vendor\\diem\\symfony\\lib\\filter\\sfExecutionFilter.class.php(116): sfExecutionFilter->executeView(''event'', ''edit'', ''Success'', Array)\n#19 D:\\xampp\\htdocs\\intranet\\lib\\vendor\\diem\\symfony\\lib\\filter\\sfExecutionFilter.class.php(47): sfExecutionFilter->handleView(Object(sfFilterChain), Object(eventActions), ''Success'')\n#20 D:\\xampp\\htdocs\\intranet\\lib\\vendor\\diem\\symfony\\lib\\filter\\sfFilterChain.class.php(53): sfExecutionFilter->execute(Object(sfFilterChain))\n#21 D:\\xampp\\htdocs\\intranet\\lib\\vendor\\diem\\dmAdminPlugin\\lib\\filter\\dmAdminInitFilter.php(32): sfFilterChain->execute()\n#22 D:\\xampp\\htdocs\\intranet\\lib\\vendor\\diem\\symfony\\lib\\filter\\sfFilterChain.class.php(53): dmAdminInitFilter->execute(Object(sfFilterChain))\n#23 D:\\xampp\\htdocs\\intranet\\lib\\vendor\\diem\\symfony\\lib\\filter\\sfBasicSecurityFilter.class.php(72): sfFilterChain->execute()\n#24 D:\\xampp\\htdocs\\intranet\\lib\\vendor\\diem\\symfony\\lib\\filter\\sfFilterChain.class.php(53): sfBasicSecurityFilter->execute(Object(sfFilterChain))\n#25 D:\\xampp\\htdocs\\intranet\\lib\\vendor\\diem\\dmCorePlugin\\plugins\\dmUserPlugin\\lib\\dmRememberMeFilter.class.php(56): sfFilterChain->execute()\n#26 D:\\xampp\\htdocs\\intranet\\lib\\vendor\\diem\\symfony\\lib\\filter\\sfFilterChain.class.php(53): dmRememberMeFilter->execute(Object(sfFilterChain))\n#27 D:\\xampp\\htdocs\\intranet\\lib\\vendor\\diem\\symfony\\lib\\filter\\sfRenderingFilter.class.php(33): sfFilterChain->execute()\n#28 D:\\xampp\\htdocs\\intranet\\lib\\vendor\\diem\\symfony\\lib\\filter\\sfFilterChain.class.php(53): sfRenderingFilter->execute(Object(sfFilterChain))\n#29 D:\\xampp\\htdocs\\intranet\\lib\\vendor\\diem\\symfony\\lib\\controller\\sfController.class.php(233): sfFilterChain->execute()\n#30 D:\\xampp\\htdocs\\intranet\\lib\\vendor\\diem\\symfony\\lib\\controller\\sfFrontWebController.class.php(48): sfController->forward(''event'', ''edit'')\n#31 D:\\xampp\\htdocs\\intranet\\lib\\vendor\\diem\\dmCorePlugin\\lib\\context\\dmContext.php(280): sfFrontWebController->dispatch()\n#32 D:\\xampp\\htdocs\\intranet\\web\\admin_dev.php(7): dmContext->dispatch()\n#33 {main}', 'event', 'edit', 'http://intranet/admin_dev.php/content/calendario/eventos/edit/pk/5', 'dev', '2010-08-29 22:31:43'),
(4, 'sfError404Exception', 'Action "client/getPhraseologyJsonList" does not exist.', 'Action "client/getPhraseologyJsonList" does not exist.\n#0 D:\\xampp\\htdocs\\intranet\\lib\\vendor\\diem\\symfony\\lib\\controller\\sfFrontWebController.class.php(48): sfController->forward(''client'', ''getPhraseologyJ...'')\n#1 D:\\xampp\\htdocs\\intranet\\lib\\vendor\\diem\\dmCorePlugin\\lib\\context\\dmContext.php(280): sfFrontWebController->dispatch()\n#2 D:\\xampp\\htdocs\\intranet\\web\\admin_dev.php(7): dmContext->dispatch()\n#3 {main}', NULL, NULL, 'http://intranet/admin_dev.php/+/client/getPhraseologyJsonList?_=1283151655554&dm_cpi=0&dm_xhr=1&q=seg&limit=10&timestamp=1283151655554', 'dev', '2010-08-30 00:01:00'),
(5, 'sfError404Exception', 'Action "client/getPhraseologyJsonList" does not exist.', 'Action "client/getPhraseologyJsonList" does not exist.\n#0 D:\\xampp\\htdocs\\intranet\\lib\\vendor\\diem\\symfony\\lib\\controller\\sfFrontWebController.class.php(48): sfController->forward(''client'', ''getPhraseologyJ...'')\n#1 D:\\xampp\\htdocs\\intranet\\lib\\vendor\\diem\\dmCorePlugin\\lib\\context\\dmContext.php(280): sfFrontWebController->dispatch()\n#2 D:\\xampp\\htdocs\\intranet\\web\\admin_dev.php(7): dmContext->dispatch()\n#3 {main}', NULL, NULL, 'http://intranet/admin_dev.php/+/client/getPhraseologyJsonList?_=1283151697863&dm_cpi=0&dm_xhr=1&q=seg&limit=10&timestamp=1283151697862', 'dev', '2010-08-30 00:01:40'),
(6, 'Doctrine_Table_Exception', 'Unknown method PhraseologyTable::like', 'Unknown method PhraseologyTable::like\n#0 [internal function]: Doctrine_Table->__call(''like'', Array)\n#1 D:\\xampp\\htdocs\\intranet\\apps\\admin\\modules\\phraseology\\actions\\actions.class.php(18): PhraseologyTable->like(''seg'')\n#2 D:\\xampp\\htdocs\\intranet\\lib\\vendor\\diem\\symfony\\lib\\action\\sfActions.class.php(60): phraseologyActions->executeGetPhraseologyJsonList(Object(dmWebRequest))\n#3 D:\\xampp\\htdocs\\intranet\\lib\\vendor\\diem\\symfony\\lib\\filter\\sfExecutionFilter.class.php(92): sfActions->execute(Object(dmWebRequest))\n#4 D:\\xampp\\htdocs\\intranet\\lib\\vendor\\diem\\symfony\\lib\\filter\\sfExecutionFilter.class.php(78): sfExecutionFilter->executeAction(Object(phraseologyActions))\n#5 D:\\xampp\\htdocs\\intranet\\lib\\vendor\\diem\\symfony\\lib\\filter\\sfExecutionFilter.class.php(42): sfExecutionFilter->handleAction(Object(sfFilterChain), Object(phraseologyActions))\n#6 D:\\xampp\\htdocs\\intranet\\lib\\vendor\\diem\\symfony\\lib\\filter\\sfFilterChain.class.php(53): sfExecutionFilter->execute(Object(sfFilterChain))\n#7 D:\\xampp\\htdocs\\intranet\\lib\\vendor\\diem\\dmAdminPlugin\\lib\\filter\\dmAdminInitFilter.php(32): sfFilterChain->execute()\n#8 D:\\xampp\\htdocs\\intranet\\lib\\vendor\\diem\\symfony\\lib\\filter\\sfFilterChain.class.php(53): dmAdminInitFilter->execute(Object(sfFilterChain))\n#9 D:\\xampp\\htdocs\\intranet\\lib\\vendor\\diem\\symfony\\lib\\filter\\sfBasicSecurityFilter.class.php(72): sfFilterChain->execute()\n#10 D:\\xampp\\htdocs\\intranet\\lib\\vendor\\diem\\symfony\\lib\\filter\\sfFilterChain.class.php(53): sfBasicSecurityFilter->execute(Object(sfFilterChain))\n#11 D:\\xampp\\htdocs\\intranet\\lib\\vendor\\diem\\dmCorePlugin\\plugins\\dmUserPlugin\\lib\\dmRememberMeFilter.class.php(56): sfFilterChain->execute()\n#12 D:\\xampp\\htdocs\\intranet\\lib\\vendor\\diem\\symfony\\lib\\filter\\sfFilterChain.class.php(53): dmRememberMeFilter->execute(Object(sfFilterChain))\n#13 D:\\xampp\\htdocs\\intranet\\lib\\vendor\\diem\\symfony\\lib\\filter\\sfRenderingFilter.class.php(33): sfFilterChain->execute()\n#14 D:\\xampp\\htdocs\\intranet\\lib\\vendor\\diem\\symfony\\lib\\filter\\sfFilterChain.class.php(53): sfRenderingFilter->execute(Object(sfFilterChain))\n#15 D:\\xampp\\htdocs\\intranet\\lib\\vendor\\diem\\symfony\\lib\\controller\\sfController.class.php(233): sfFilterChain->execute()\n#16 D:\\xampp\\htdocs\\intranet\\lib\\vendor\\diem\\symfony\\lib\\controller\\sfFrontWebController.class.php(48): sfController->forward(''phraseology'', ''getPhraseologyJ...'')\n#17 D:\\xampp\\htdocs\\intranet\\lib\\vendor\\diem\\dmCorePlugin\\lib\\context\\dmContext.php(280): sfFrontWebController->dispatch()\n#18 D:\\xampp\\htdocs\\intranet\\web\\admin_dev.php(7): dmContext->dispatch()\n#19 {main}', 'phraseology', 'getPhraseologyJsonList', 'http://intranet/admin_dev.php/+/phraseology/getPhraseologyJsonList?_=1283151732711&dm_cpi=0&dm_xhr=1&q=seg&limit=10&timestamp=1283151732711', 'dev', '2010-08-30 00:02:14'),
(7, 'Doctrine_Exception', 'Couldn''t find class Status', 'Couldn''t find class Status\n#0 D:\\xampp\\htdocs\\intranet\\lib\\vendor\\diem\\symfony\\lib\\plugins\\sfDoctrinePlugin\\lib\\vendor\\doctrine\\Doctrine\\Table.php(256): Doctrine_Table->initDefinition()\n#1 D:\\xampp\\htdocs\\intranet\\lib\\vendor\\diem\\symfony\\lib\\plugins\\sfDoctrinePlugin\\lib\\vendor\\doctrine\\Doctrine\\Connection.php(1126): Doctrine_Table->__construct(''Status'', Object(Doctrine_Connection_Mysql), true)\n#2 D:\\xampp\\htdocs\\intranet\\lib\\vendor\\diem\\symfony\\lib\\plugins\\sfDoctrinePlugin\\lib\\vendor\\doctrine\\Doctrine\\Core.php(1085): Doctrine_Connection->getTable(''Status'')\n#3 D:\\xampp\\htdocs\\intranet\\apps\\admin\\modules\\event\\lib\\EventAdminForm.php(68): Doctrine_Core::getTable(''Status'')\n#4 D:\\xampp\\htdocs\\intranet\\apps\\admin\\modules\\event\\lib\\EventAdminForm.php(74): EventAdminForm->configureGeneralFeatures()\n#5 D:\\xampp\\htdocs\\intranet\\apps\\admin\\modules\\event\\lib\\EventAdminForm.php(116): EventAdminForm->configureFormForFront()\n#6 D:\\xampp\\htdocs\\intranet\\lib\\vendor\\diem\\symfony\\lib\\form\\sfForm.class.php(70): EventAdminForm->configure()\n#7 D:\\xampp\\htdocs\\intranet\\lib\\vendor\\diem\\symfony\\lib\\form\\addon\\sfFormSymfony.class.php(33): sfForm->__construct(Array, Array, NULL)\n#8 D:\\xampp\\htdocs\\intranet\\lib\\vendor\\diem\\symfony\\lib\\plugins\\sfDoctrinePlugin\\lib\\form\\sfFormDoctrine.class.php(52): sfFormSymfony->__construct(Array, Array, NULL)\n#9 D:\\xampp\\htdocs\\intranet\\lib\\vendor\\diem\\symfony\\lib\\generator\\sfModelGeneratorConfiguration.class.php(484): sfFormDoctrine->__construct(Object(Event), Array)\n#10 D:\\xampp\\htdocs\\intranet\\cache\\admin\\prod\\modules\\autoEvent\\actions\\actions.class.php(148): sfModelGeneratorConfiguration->getForm(Object(Event))\n#11 D:\\xampp\\htdocs\\intranet\\cache\\admin\\prod\\config\\config_core_compile.yml.php(459): autoEventActions->executeEdit(Object(dmWebRequest))\n#12 D:\\xampp\\htdocs\\intranet\\cache\\admin\\prod\\config\\config_core_compile.yml.php(947): sfActions->execute(Object(dmWebRequest))\n#13 D:\\xampp\\htdocs\\intranet\\cache\\admin\\prod\\config\\config_core_compile.yml.php(942): sfExecutionFilter->executeAction(Object(eventActions))\n#14 D:\\xampp\\htdocs\\intranet\\cache\\admin\\prod\\config\\config_core_compile.yml.php(928): sfExecutionFilter->handleAction(Object(sfFilterChain), Object(eventActions))\n#15 D:\\xampp\\htdocs\\intranet\\cache\\admin\\prod\\config\\config_core_compile.yml.php(1026): sfExecutionFilter->execute(Object(sfFilterChain))\n#16 D:\\xampp\\htdocs\\intranet\\lib\\vendor\\diem\\symfony\\lib\\filter\\sfCacheFilter.class.php(65): sfFilterChain->execute()\n#17 D:\\xampp\\htdocs\\intranet\\cache\\admin\\prod\\config\\config_core_compile.yml.php(1026): sfCacheFilter->execute(Object(sfFilterChain))\n#18 D:\\xampp\\htdocs\\intranet\\lib\\vendor\\diem\\dmAdminPlugin\\lib\\filter\\dmAdminInitFilter.php(32): sfFilterChain->execute()\n#19 D:\\xampp\\htdocs\\intranet\\cache\\admin\\prod\\config\\config_core_compile.yml.php(1026): dmAdminInitFilter->execute(Object(sfFilterChain))\n#20 D:\\xampp\\htdocs\\intranet\\lib\\vendor\\diem\\symfony\\lib\\filter\\sfBasicSecurityFilter.class.php(72): sfFilterChain->execute()\n#21 D:\\xampp\\htdocs\\intranet\\cache\\admin\\prod\\config\\config_core_compile.yml.php(1026): sfBasicSecurityFilter->execute(Object(sfFilterChain))\n#22 D:\\xampp\\htdocs\\intranet\\lib\\vendor\\diem\\dmCorePlugin\\plugins\\dmUserPlugin\\lib\\dmRememberMeFilter.class.php(56): sfFilterChain->execute()\n#23 D:\\xampp\\htdocs\\intranet\\cache\\admin\\prod\\config\\config_core_compile.yml.php(1026): dmRememberMeFilter->execute(Object(sfFilterChain))\n#24 D:\\xampp\\htdocs\\intranet\\cache\\admin\\prod\\config\\config_core_compile.yml.php(990): sfFilterChain->execute()\n#25 D:\\xampp\\htdocs\\intranet\\cache\\admin\\prod\\config\\config_core_compile.yml.php(1026): sfRenderingFilter->execute(Object(sfFilterChain))\n#26 D:\\xampp\\htdocs\\intranet\\cache\\admin\\prod\\config\\config_core_compile.yml.php(660): sfFilterChain->execute()\n#27 D:\\xampp\\htdocs\\intranet\\cache\\admin\\prod\\config\\config_core_compile.yml.php(2344): sfController->forward(''event'', ''edit'')\n#28 D:\\xampp\\htdocs\\intranet\\lib\\vendor\\diem\\dmCorePlugin\\lib\\context\\dmContext.php(280): sfFrontWebController->dispatch()\n#29 D:\\xampp\\htdocs\\intranet\\web\\admin.php(7): dmContext->dispatch()\n#30 {main}', 'event', 'edit', 'http://intranet/admin.php/+/event/edit/pk/6/dm_embed/1', 'prod', '2010-08-30 07:08:15'),
(8, 'Doctrine_Exception', 'Couldn''t find class Status', 'Couldn''t find class Status\n#0 D:\\xampp\\htdocs\\intranet\\lib\\vendor\\diem\\symfony\\lib\\plugins\\sfDoctrinePlugin\\lib\\vendor\\doctrine\\Doctrine\\Table.php(256): Doctrine_Table->initDefinition()\n#1 D:\\xampp\\htdocs\\intranet\\lib\\vendor\\diem\\symfony\\lib\\plugins\\sfDoctrinePlugin\\lib\\vendor\\doctrine\\Doctrine\\Connection.php(1126): Doctrine_Table->__construct(''Status'', Object(Doctrine_Connection_Mysql), true)\n#2 D:\\xampp\\htdocs\\intranet\\lib\\vendor\\diem\\symfony\\lib\\plugins\\sfDoctrinePlugin\\lib\\vendor\\doctrine\\Doctrine\\Core.php(1085): Doctrine_Connection->getTable(''Status'')\n#3 D:\\xampp\\htdocs\\intranet\\lib\\model\\doctrine\\EventStatusTable.class.php(15): Doctrine_Core::getTable(''Status'')\n#4 D:\\xampp\\htdocs\\intranet\\apps\\admin\\modules\\event\\lib\\EventAdminForm.php(68): EventStatusTable->getDefaultValue()\n#5 D:\\xampp\\htdocs\\intranet\\apps\\admin\\modules\\event\\lib\\EventAdminForm.php(78): EventAdminForm->configureGeneralFeatures()\n#6 D:\\xampp\\htdocs\\intranet\\apps\\admin\\modules\\event\\lib\\EventAdminForm.php(118): EventAdminForm->configureFormForBackend()\n#7 D:\\xampp\\htdocs\\intranet\\lib\\vendor\\diem\\symfony\\lib\\form\\sfForm.class.php(70): EventAdminForm->configure()\n#8 D:\\xampp\\htdocs\\intranet\\lib\\vendor\\diem\\symfony\\lib\\form\\addon\\sfFormSymfony.class.php(33): sfForm->__construct(Array, Array, NULL)\n#9 D:\\xampp\\htdocs\\intranet\\lib\\vendor\\diem\\symfony\\lib\\plugins\\sfDoctrinePlugin\\lib\\form\\sfFormDoctrine.class.php(52): sfFormSymfony->__construct(Array, Array, NULL)\n#10 D:\\xampp\\htdocs\\intranet\\lib\\vendor\\diem\\symfony\\lib\\generator\\sfModelGeneratorConfiguration.class.php(484): sfFormDoctrine->__construct(Object(Event), Array)\n#11 D:\\xampp\\htdocs\\intranet\\cache\\admin\\dev\\modules\\autoEvent\\actions\\actions.class.php(148): sfModelGeneratorConfiguration->getForm(Object(Event))\n#12 D:\\xampp\\htdocs\\intranet\\lib\\vendor\\diem\\symfony\\lib\\action\\sfActions.class.php(60): autoEventActions->executeEdit(Object(dmWebRequest))\n#13 D:\\xampp\\htdocs\\intranet\\lib\\vendor\\diem\\symfony\\lib\\filter\\sfExecutionFilter.class.php(92): sfActions->execute(Object(dmWebRequest))\n#14 D:\\xampp\\htdocs\\intranet\\lib\\vendor\\diem\\symfony\\lib\\filter\\sfExecutionFilter.class.php(78): sfExecutionFilter->executeAction(Object(eventActions))\n#15 D:\\xampp\\htdocs\\intranet\\lib\\vendor\\diem\\symfony\\lib\\filter\\sfExecutionFilter.class.php(42): sfExecutionFilter->handleAction(Object(sfFilterChain), Object(eventActions))\n#16 D:\\xampp\\htdocs\\intranet\\lib\\vendor\\diem\\symfony\\lib\\filter\\sfFilterChain.class.php(53): sfExecutionFilter->execute(Object(sfFilterChain))\n#17 D:\\xampp\\htdocs\\intranet\\lib\\vendor\\diem\\dmAdminPlugin\\lib\\filter\\dmAdminInitFilter.php(32): sfFilterChain->execute()\n#18 D:\\xampp\\htdocs\\intranet\\lib\\vendor\\diem\\symfony\\lib\\filter\\sfFilterChain.class.php(53): dmAdminInitFilter->execute(Object(sfFilterChain))\n#19 D:\\xampp\\htdocs\\intranet\\lib\\vendor\\diem\\symfony\\lib\\filter\\sfBasicSecurityFilter.class.php(72): sfFilterChain->execute()\n#20 D:\\xampp\\htdocs\\intranet\\lib\\vendor\\diem\\symfony\\lib\\filter\\sfFilterChain.class.php(53): sfBasicSecurityFilter->execute(Object(sfFilterChain))\n#21 D:\\xampp\\htdocs\\intranet\\lib\\vendor\\diem\\dmCorePlugin\\plugins\\dmUserPlugin\\lib\\dmRememberMeFilter.class.php(56): sfFilterChain->execute()\n#22 D:\\xampp\\htdocs\\intranet\\lib\\vendor\\diem\\symfony\\lib\\filter\\sfFilterChain.class.php(53): dmRememberMeFilter->execute(Object(sfFilterChain))\n#23 D:\\xampp\\htdocs\\intranet\\lib\\vendor\\diem\\symfony\\lib\\filter\\sfRenderingFilter.class.php(33): sfFilterChain->execute()\n#24 D:\\xampp\\htdocs\\intranet\\lib\\vendor\\diem\\symfony\\lib\\filter\\sfFilterChain.class.php(53): sfRenderingFilter->execute(Object(sfFilterChain))\n#25 D:\\xampp\\htdocs\\intranet\\lib\\vendor\\diem\\symfony\\lib\\controller\\sfController.class.php(233): sfFilterChain->execute()\n#26 D:\\xampp\\htdocs\\intranet\\lib\\vendor\\diem\\symfony\\lib\\controller\\sfFrontWebController.class.php(48): sfController->forward(''event'', ''edit'')\n#27 D:\\xampp\\htdocs\\intranet\\lib\\vendor\\diem\\dmCorePlugin\\lib\\context\\dmContext.php(280): sfFrontWebController->dispatch()\n#28 D:\\xampp\\htdocs\\intranet\\web\\admin_dev.php(7): dmContext->dispatch()\n#29 {main}', 'event', 'edit', 'http://intranet/admin_dev.php/content/calendario/eventos/edit/pk/5', 'dev', '2010-08-30 09:33:52'),
(9, 'Doctrine_Exception', 'Couldn''t find class Status', 'Couldn''t find class Status\n#0 D:\\xampp\\htdocs\\intranet\\lib\\vendor\\diem\\symfony\\lib\\plugins\\sfDoctrinePlugin\\lib\\vendor\\doctrine\\Doctrine\\Table.php(256): Doctrine_Table->initDefinition()\n#1 D:\\xampp\\htdocs\\intranet\\lib\\vendor\\diem\\symfony\\lib\\plugins\\sfDoctrinePlugin\\lib\\vendor\\doctrine\\Doctrine\\Connection.php(1126): Doctrine_Table->__construct(''Status'', Object(Doctrine_Connection_Mysql), true)\n#2 D:\\xampp\\htdocs\\intranet\\lib\\vendor\\diem\\symfony\\lib\\plugins\\sfDoctrinePlugin\\lib\\vendor\\doctrine\\Doctrine\\Core.php(1085): Doctrine_Connection->getTable(''Status'')\n#3 D:\\xampp\\htdocs\\intranet\\lib\\model\\doctrine\\EventStatusTable.class.php(15): Doctrine_Core::getTable(''Status'')\n#4 D:\\xampp\\htdocs\\intranet\\apps\\admin\\modules\\event\\lib\\EventAdminForm.php(68): EventStatusTable->getDefaultValue()\n#5 D:\\xampp\\htdocs\\intranet\\apps\\admin\\modules\\event\\lib\\EventAdminForm.php(78): EventAdminForm->configureGeneralFeatures()\n#6 D:\\xampp\\htdocs\\intranet\\apps\\admin\\modules\\event\\lib\\EventAdminForm.php(118): EventAdminForm->configureFormForBackend()\n#7 D:\\xampp\\htdocs\\intranet\\lib\\vendor\\diem\\symfony\\lib\\form\\sfForm.class.php(70): EventAdminForm->configure()\n#8 D:\\xampp\\htdocs\\intranet\\lib\\vendor\\diem\\symfony\\lib\\form\\addon\\sfFormSymfony.class.php(33): sfForm->__construct(Array, Array, NULL)\n#9 D:\\xampp\\htdocs\\intranet\\lib\\vendor\\diem\\symfony\\lib\\plugins\\sfDoctrinePlugin\\lib\\form\\sfFormDoctrine.class.php(52): sfFormSymfony->__construct(Array, Array, NULL)\n#10 D:\\xampp\\htdocs\\intranet\\lib\\vendor\\diem\\symfony\\lib\\generator\\sfModelGeneratorConfiguration.class.php(484): sfFormDoctrine->__construct(Object(Event), Array)\n#11 D:\\xampp\\htdocs\\intranet\\cache\\admin\\dev\\modules\\autoEvent\\actions\\actions.class.php(148): sfModelGeneratorConfiguration->getForm(Object(Event))\n#12 D:\\xampp\\htdocs\\intranet\\lib\\vendor\\diem\\symfony\\lib\\action\\sfActions.class.php(60): autoEventActions->executeEdit(Object(dmWebRequest))\n#13 D:\\xampp\\htdocs\\intranet\\lib\\vendor\\diem\\symfony\\lib\\filter\\sfExecutionFilter.class.php(92): sfActions->execute(Object(dmWebRequest))\n#14 D:\\xampp\\htdocs\\intranet\\lib\\vendor\\diem\\symfony\\lib\\filter\\sfExecutionFilter.class.php(78): sfExecutionFilter->executeAction(Object(eventActions))\n#15 D:\\xampp\\htdocs\\intranet\\lib\\vendor\\diem\\symfony\\lib\\filter\\sfExecutionFilter.class.php(42): sfExecutionFilter->handleAction(Object(sfFilterChain), Object(eventActions))\n#16 D:\\xampp\\htdocs\\intranet\\lib\\vendor\\diem\\symfony\\lib\\filter\\sfFilterChain.class.php(53): sfExecutionFilter->execute(Object(sfFilterChain))\n#17 D:\\xampp\\htdocs\\intranet\\lib\\vendor\\diem\\dmAdminPlugin\\lib\\filter\\dmAdminInitFilter.php(32): sfFilterChain->execute()\n#18 D:\\xampp\\htdocs\\intranet\\lib\\vendor\\diem\\symfony\\lib\\filter\\sfFilterChain.class.php(53): dmAdminInitFilter->execute(Object(sfFilterChain))\n#19 D:\\xampp\\htdocs\\intranet\\lib\\vendor\\diem\\symfony\\lib\\filter\\sfBasicSecurityFilter.class.php(72): sfFilterChain->execute()\n#20 D:\\xampp\\htdocs\\intranet\\lib\\vendor\\diem\\symfony\\lib\\filter\\sfFilterChain.class.php(53): sfBasicSecurityFilter->execute(Object(sfFilterChain))\n#21 D:\\xampp\\htdocs\\intranet\\lib\\vendor\\diem\\dmCorePlugin\\plugins\\dmUserPlugin\\lib\\dmRememberMeFilter.class.php(56): sfFilterChain->execute()\n#22 D:\\xampp\\htdocs\\intranet\\lib\\vendor\\diem\\symfony\\lib\\filter\\sfFilterChain.class.php(53): dmRememberMeFilter->execute(Object(sfFilterChain))\n#23 D:\\xampp\\htdocs\\intranet\\lib\\vendor\\diem\\symfony\\lib\\filter\\sfRenderingFilter.class.php(33): sfFilterChain->execute()\n#24 D:\\xampp\\htdocs\\intranet\\lib\\vendor\\diem\\symfony\\lib\\filter\\sfFilterChain.class.php(53): sfRenderingFilter->execute(Object(sfFilterChain))\n#25 D:\\xampp\\htdocs\\intranet\\lib\\vendor\\diem\\symfony\\lib\\controller\\sfController.class.php(233): sfFilterChain->execute()\n#26 D:\\xampp\\htdocs\\intranet\\lib\\vendor\\diem\\symfony\\lib\\controller\\sfFrontWebController.class.php(48): sfController->forward(''event'', ''edit'')\n#27 D:\\xampp\\htdocs\\intranet\\lib\\vendor\\diem\\dmCorePlugin\\lib\\context\\dmContext.php(280): sfFrontWebController->dispatch()\n#28 D:\\xampp\\htdocs\\intranet\\web\\admin_dev.php(7): dmContext->dispatch()\n#29 {main}', 'event', 'edit', 'http://intranet/admin_dev.php/content/calendario/eventos/edit/pk/5', 'dev', '2010-08-30 09:34:52'),
(10, 'Exception', 'Could not resolve host: diem-project.org; No data record of requested type', 'Could not resolve host: diem-project.org; No data record of requested type\n#0 D:\\xampp\\htdocs\\intranet\\lib\\vendor\\diem\\dmCorePlugin\\plugins\\sfWebBrowserPlugin\\lib\\sfWebBrowser.class.php(217): sfCurlAdapter->call(Object(dmWebBrowser), ''http://diem-pro...'', ''GET'', Array, Array)\n#1 D:\\xampp\\htdocs\\intranet\\lib\\vendor\\diem\\dmCorePlugin\\plugins\\sfWebBrowserPlugin\\lib\\sfWebBrowser.class.php(116): sfWebBrowser->call(''http://diem-pro...'', ''GET'', Array, Array)\n#2 D:\\xampp\\htdocs\\intranet\\lib\\vendor\\diem\\dmAdminPlugin\\lib\\webService\\dmDiemVersionCheck.php(50): sfWebBrowser->get(''http://diem-pro...'')\n#3 D:\\xampp\\htdocs\\intranet\\lib\\vendor\\diem\\dmAdminPlugin\\lib\\webService\\dmDiemVersionCheck.php(32): dmDiemVersionCheck->getLatestServerVersionForBranch(''5.1'')\n#4 D:\\xampp\\htdocs\\intranet\\lib\\vendor\\diem\\dmAdminPlugin\\modules\\dmAdmin\\lib\\BasedmAdminActions.class.php(93): dmDiemVersionCheck->isUpToDate()\n#5 D:\\xampp\\htdocs\\intranet\\lib\\vendor\\diem\\symfony\\lib\\action\\sfActions.class.php(60): BasedmAdminActions->executeVersionCheck(Object(dmWebRequest))\n#6 D:\\xampp\\htdocs\\intranet\\lib\\vendor\\diem\\symfony\\lib\\filter\\sfExecutionFilter.class.php(92): sfActions->execute(Object(dmWebRequest))\n#7 D:\\xampp\\htdocs\\intranet\\lib\\vendor\\diem\\symfony\\lib\\filter\\sfExecutionFilter.class.php(78): sfExecutionFilter->executeAction(Object(dmAdminActions))\n#8 D:\\xampp\\htdocs\\intranet\\lib\\vendor\\diem\\symfony\\lib\\filter\\sfExecutionFilter.class.php(42): sfExecutionFilter->handleAction(Object(sfFilterChain), Object(dmAdminActions))\n#9 D:\\xampp\\htdocs\\intranet\\lib\\vendor\\diem\\symfony\\lib\\filter\\sfFilterChain.class.php(53): sfExecutionFilter->execute(Object(sfFilterChain))\n#10 D:\\xampp\\htdocs\\intranet\\lib\\vendor\\diem\\dmAdminPlugin\\lib\\filter\\dmAdminInitFilter.php(32): sfFilterChain->execute()\n#11 D:\\xampp\\htdocs\\intranet\\lib\\vendor\\diem\\symfony\\lib\\filter\\sfFilterChain.class.php(53): dmAdminInitFilter->execute(Object(sfFilterChain))\n#12 D:\\xampp\\htdocs\\intranet\\lib\\vendor\\diem\\symfony\\lib\\filter\\sfBasicSecurityFilter.class.php(72): sfFilterChain->execute()\n#13 D:\\xampp\\htdocs\\intranet\\lib\\vendor\\diem\\symfony\\lib\\filter\\sfFilterChain.class.php(53): sfBasicSecurityFilter->execute(Object(sfFilterChain))\n#14 D:\\xampp\\htdocs\\intranet\\lib\\vendor\\diem\\dmCorePlugin\\plugins\\dmUserPlugin\\lib\\dmRememberMeFilter.class.php(56): sfFilterChain->execute()\n#15 D:\\xampp\\htdocs\\intranet\\lib\\vendor\\diem\\symfony\\lib\\filter\\sfFilterChain.class.php(53): dmRememberMeFilter->execute(Object(sfFilterChain))\n#16 D:\\xampp\\htdocs\\intranet\\lib\\vendor\\diem\\symfony\\lib\\filter\\sfRenderingFilter.class.php(33): sfFilterChain->execute()\n#17 D:\\xampp\\htdocs\\intranet\\lib\\vendor\\diem\\symfony\\lib\\filter\\sfFilterChain.class.php(53): sfRenderingFilter->execute(Object(sfFilterChain))\n#18 D:\\xampp\\htdocs\\intranet\\lib\\vendor\\diem\\symfony\\lib\\controller\\sfController.class.php(233): sfFilterChain->execute()\n#19 D:\\xampp\\htdocs\\intranet\\lib\\vendor\\diem\\symfony\\lib\\controller\\sfFrontWebController.class.php(48): sfController->forward(''dmAdmin'', ''versionCheck'')\n#20 D:\\xampp\\htdocs\\intranet\\lib\\vendor\\diem\\dmCorePlugin\\lib\\context\\dmContext.php(280): sfFrontWebController->dispatch()\n#21 D:\\xampp\\htdocs\\intranet\\web\\admin_dev.php(7): dmContext->dispatch()\n#22 {main}', 'dmAdmin', 'versionCheck', 'http://intranet/admin_dev.php/+/dmAdmin/versionCheck?_=1283259640553&dm_cpi=0&dm_xhr=1', 'dev', '2010-08-31 06:00:43');

INSERT INTO dm_group (id, name, description, created_at, updated_at) VALUES
(1, 'developer', 'Able to read and update source code', '2010-07-16 11:15:19', '2010-07-16 11:15:19'),
(2, 'seo', 'Seo knowledge', '2010-07-16 11:15:19', '2010-07-16 11:15:19'),
(3, 'integrator', 'Integrator', '2010-07-16 11:15:19', '2010-07-16 11:15:19'),
(4, 'webmaster_1', 'webmaster level 1', '2010-07-16 11:15:19', '2010-07-16 11:15:19'),
(5, 'writer', 'Writer', '2010-07-16 11:15:19', '2010-07-16 11:15:19'),
(6, 'front_editor', 'Can fast edit front widgets', '2010-07-16 11:15:19', '2010-07-16 11:15:19'),
(7, 'clientes', 'Todos los clientes pertenecen por defecto a este grupo', '2010-07-16 11:15:19', '2010-07-16 11:15:19'),
(8, 'telemarcadores', 'Todos los telemarcadores pertenecen por defecto a este grupo', '2010-07-16 11:15:19', '2010-07-16 11:15:19'),
(9, 'agentes', 'Todos los Agentes pertenecen por defecto a este grupo.', '2010-07-16 11:17:42', '2010-07-16 11:17:42'),
(10, 'webmaster 1', 'Webmaster level 1', '2010-07-16 12:07:50', '2010-07-16 12:07:50'),
(11, 'recepcionista', 'Usuarios Recepcionistas', '2010-07-18 05:07:00', '2010-07-18 05:27:20'),
(12, 'procesamiento', 'Departamento de Procesamiento', '2010-07-18 05:07:22', '2010-07-18 23:25:01'),
(13, 'estructuracion', 'Departamento de Estructuración', '2010-07-18 05:26:27', '2010-07-18 23:24:42'),
(14, 'contabilidad', 'Departamento de Contabilidad', '2010-07-19 02:32:47', '2010-07-19 02:32:47');

INSERT INTO dm_group_permission (dm_group_id, dm_permission_id) VALUES
(1, 1),
(2, 2),
(3, 2),
(5, 2),
(8, 2),
(9, 2),
(10, 2),
(11, 2),
(12, 2),
(13, 2),
(14, 2),
(3, 5),
(3, 9),
(5, 9),
(10, 9),
(3, 10),
(3, 11),
(3, 12),
(3, 13),
(3, 14),
(3, 15),
(6, 16),
(6, 17),
(6, 18),
(6, 19),
(6, 20),
(6, 21),
(6, 22),
(3, 23),
(3, 24),
(3, 25),
(2, 26),
(3, 26),
(5, 26),
(10, 26),
(3, 27),
(5, 27),
(10, 27),
(3, 28),
(2, 29),
(3, 29),
(5, 29),
(10, 29),
(2, 30),
(3, 30),
(10, 30),
(3, 31),
(10, 31),
(2, 32),
(3, 32),
(10, 32),
(2, 33),
(3, 33),
(5, 33),
(10, 33),
(3, 34),
(3, 35),
(2, 36),
(2, 37),
(2, 38),
(2, 40),
(2, 41),
(2, 42),
(2, 43),
(2, 44),
(10, 46),
(2, 47),
(3, 47),
(5, 47),
(10, 47),
(2, 48),
(3, 48),
(5, 48),
(10, 48),
(2, 51),
(3, 51),
(10, 51),
(3, 52),
(10, 52),
(3, 53),
(3, 57),
(8, 60),
(11, 60),
(12, 60),
(13, 60),
(14, 60),
(8, 61),
(11, 61),
(12, 61),
(13, 61),
(14, 61),
(8, 64),
(11, 64),
(12, 64),
(13, 64),
(14, 64),
(8, 65),
(11, 65),
(12, 65),
(13, 65),
(14, 65),
(8, 68),
(11, 68),
(12, 68),
(13, 68),
(14, 68),
(8, 69),
(11, 69),
(12, 69),
(13, 69),
(14, 69),
(8, 72),
(12, 72),
(13, 72),
(14, 72),
(8, 73),
(12, 73),
(13, 73),
(14, 73),
(8, 76),
(12, 76),
(13, 76),
(14, 76),
(8, 77),
(12, 77),
(13, 77),
(14, 77),
(8, 80),
(11, 80),
(12, 80),
(13, 80),
(14, 80),
(8, 81),
(11, 81),
(12, 81),
(13, 81),
(14, 81),
(8, 84),
(12, 84),
(13, 84),
(14, 84),
(8, 85),
(12, 85),
(13, 85),
(14, 85),
(8, 88),
(9, 88),
(11, 88),
(12, 88),
(13, 88),
(14, 88),
(8, 89),
(9, 89),
(11, 89),
(12, 89),
(13, 89),
(14, 89),
(8, 92),
(9, 92),
(12, 92),
(13, 92),
(14, 92),
(8, 93),
(9, 93),
(12, 93),
(13, 93),
(14, 93),
(8, 96),
(9, 96),
(12, 96),
(13, 96),
(14, 96),
(8, 97),
(9, 97),
(12, 97),
(13, 97),
(14, 97),
(9, 100),
(12, 100),
(13, 100),
(14, 100),
(9, 101),
(12, 101),
(13, 101),
(14, 101),
(8, 104),
(9, 104),
(12, 104),
(13, 104),
(14, 104),
(8, 105),
(9, 105),
(12, 105),
(13, 105),
(14, 105),
(8, 108),
(9, 108),
(12, 108),
(13, 108),
(14, 108),
(8, 109),
(9, 109),
(12, 109),
(13, 109),
(14, 109),
(8, 112),
(12, 112),
(13, 112),
(14, 112),
(8, 113),
(12, 113),
(13, 113),
(14, 113),
(8, 116),
(11, 116),
(12, 116),
(13, 116),
(14, 116),
(8, 117),
(11, 117),
(12, 117),
(13, 117),
(14, 117),
(8, 120),
(9, 120),
(12, 120),
(13, 120),
(14, 120),
(8, 121),
(9, 121),
(12, 121),
(13, 121),
(14, 121),
(8, 123),
(8, 124),
(9, 124),
(12, 124),
(13, 124),
(14, 124),
(8, 125),
(9, 125),
(12, 125),
(13, 125),
(14, 125),
(8, 128),
(12, 128),
(13, 128),
(14, 128),
(8, 129),
(12, 129),
(13, 129),
(14, 129),
(8, 132),
(12, 132),
(13, 132),
(14, 132),
(8, 133),
(12, 133),
(13, 133),
(14, 133),
(8, 136),
(12, 136),
(13, 136),
(14, 136),
(8, 137),
(12, 137),
(13, 137),
(14, 137),
(8, 140),
(12, 140),
(13, 140),
(14, 140),
(8, 141),
(12, 141),
(13, 141),
(14, 141),
(8, 144),
(12, 144),
(13, 144),
(14, 144),
(8, 145),
(12, 145),
(13, 145),
(14, 145),
(8, 148),
(12, 148),
(13, 148),
(14, 148),
(8, 149),
(12, 149),
(13, 149),
(14, 149),
(8, 152),
(12, 152),
(13, 152),
(14, 152),
(8, 153),
(12, 153),
(13, 153),
(14, 153),
(8, 156),
(11, 156),
(12, 156),
(13, 156),
(14, 156),
(8, 157),
(9, 157),
(11, 157),
(12, 157),
(13, 157),
(14, 157),
(8, 160),
(12, 160),
(13, 160),
(14, 160),
(8, 161),
(12, 161),
(13, 161),
(14, 161),
(8, 164),
(11, 164),
(12, 164),
(13, 164),
(14, 164),
(8, 165),
(11, 165),
(12, 165),
(13, 165),
(14, 165),
(8, 168),
(12, 168),
(13, 168),
(14, 168),
(8, 169),
(12, 169),
(13, 169),
(14, 169),
(8, 172),
(12, 172),
(13, 172),
(14, 172),
(8, 173),
(12, 173),
(13, 173),
(14, 173),
(8, 174),
(9, 174),
(11, 174),
(12, 174),
(13, 174),
(14, 174),
(8, 175),
(9, 175),
(11, 175),
(12, 175),
(13, 175),
(14, 175),
(9, 176),
(12, 176),
(13, 176),
(14, 176),
(9, 177),
(12, 177),
(13, 177),
(14, 177),
(8, 178),
(9, 178),
(12, 178),
(13, 178),
(14, 178),
(8, 179),
(9, 179),
(11, 179),
(12, 179),
(13, 179),
(14, 179),
(8, 180),
(9, 180),
(11, 181),
(8, 182),
(8, 183),
(9, 184),
(11, 184),
(12, 184),
(13, 184),
(14, 184),
(9, 187),
(11, 187),
(12, 187),
(13, 187),
(14, 187),
(8, 188),
(9, 188),
(11, 188),
(12, 188),
(13, 188),
(14, 188),
(8, 189),
(9, 189),
(11, 189),
(12, 189),
(13, 189),
(14, 189),
(8, 190),
(9, 190),
(11, 190),
(12, 190),
(13, 190),
(14, 190),
(8, 191),
(9, 191),
(11, 191),
(12, 191),
(13, 191),
(14, 191);

INSERT INTO dm_layout (id, name, template, css_class) VALUES
(1, 'Global', 'page', NULL);

INSERT INTO dm_lock (id, user_id, user_name, module, action, record_id, time, app, url, culture) VALUES
(834, 1, 'admin', 'dmAdmin', 'index', 0, 1283235899, 'admin', '/admin.php', 'es'),
(835, 1, 'admin', 'event', 'index', 0, 1283235921, 'admin', '/admin.php/content/calendario/eventos/index', 'es');

INSERT INTO dm_mail_template (id, name, vars, created_at, updated_at) VALUES
(1, 'dm_user_forgot_password', 'username, email, step2_url', '2010-06-09 17:30:17', '2010-06-09 17:30:17');

INSERT INTO dm_mail_template_translation (id, description, subject, body, from_email, to_email, cc_email, bcc_email, reply_to_email, sender_email, list_unsuscribe, is_html, is_active, lang) VALUES
(1, 'Sent to a user that requests a new password', 'Intranet: change your password', 'Hello %username%\nYou can choose a new password at %step2_url%', 'webmaster@domain.com', '%email%', NULL, NULL, NULL, NULL, NULL, 0, 1, 'es');

INSERT INTO dm_media (id, dm_media_folder_id, file, legend, author, license, mime, size, dimensions, created_at, updated_at) VALUES
(1, 1, 'defaultMedia.jpg', NULL, NULL, NULL, 'image/jpeg', 159453, '1000x700', '2010-07-18 23:48:32', '2010-07-18 23:48:32'),
(2, 1, 'Thumbs.db', NULL, NULL, NULL, 'application/force-download', 4608, NULL, '2010-08-14 03:43:45', '2010-08-14 03:43:45');

INSERT INTO dm_media_folder (id, rel_path, lft, rgt, level) VALUES
(1, '', 1, 2, 0);

INSERT INTO dm_page (id, module, action, record_id, credentials, lft, rgt, level) VALUES
(1, 'main', 'root', 0, '', 1, 104, 0),
(2, 'main', 'error404', 0, NULL, 4, 5, 1),
(3, 'main', 'signin', 0, '', 2, 3, 1),
(4, 'evento', 'fullCalendar', 0, 'viewEventCalendar_front', 25, 26, 2),
(7, 'dmTag', 'list', 0, NULL, 6, 21, 1),
(8, 'main', 'search', 0, '', 22, 23, 1),
(10, 'event', 'list', 0, 'listEvents_front', 24, 57, 1),
(22, 'dmTag', 'show', 1, NULL, 7, 8, 2),
(23, 'dmTag', 'show', 2, NULL, 9, 10, 2),
(24, 'dmTag', 'show', 3, NULL, 11, 12, 2),
(25, 'dmTag', 'show', 4, NULL, 13, 14, 2),
(27, 'client', 'list', 0, 'listClients_front', 58, 79, 1),
(28, 'clientFile', 'fullCalendar', 0, 'viewClientFileCalendar_front', 81, 82, 2),
(34, 'clientFile', 'list', 0, 'listClientFiles_front', 80, 93, 1),
(35, 'client', 'show', 25, NULL, 59, 60, 2),
(42, 'client', 'geolocalizar', 0, 'geoListClients_front', 61, 62, 2),
(43, 'event', 'geolocalizar', 0, 'geoListEvents_front', 27, 28, 2),
(44, 'dmTag', 'show', 5, NULL, 15, 16, 2),
(72, 'clientFile', 'show', 21, NULL, 83, 84, 2),
(73, 'clientFile', 'show', 22, NULL, 85, 86, 2),
(74, 'clientFile', 'show', 23, NULL, 87, 88, 2),
(75, 'clientFile', 'show', 24, NULL, 89, 90, 2),
(76, 'clientFile', 'show', 25, NULL, 91, 92, 2),
(77, 'client', 'show', 33, NULL, 63, 64, 2),
(78, 'client', 'show', 35, NULL, 65, 66, 2),
(79, 'callCenter', 'incommingCalls', 0, 'listIncommingCalls_front', 94, 95, 1),
(80, 'event', 'show', 1, NULL, 29, 30, 2),
(89, 'main', 'reportes', 0, 'viewReports_front', 96, 103, 1),
(90, 'main', 'citasPorAgente', 0, 'viewReportDatesByAgents_front', 97, 98, 2),
(91, 'client', 'resumenDelCliente', 0, NULL, 67, 68, 2),
(92, 'client', 'show', 36, NULL, 69, 70, 2),
(93, 'client', 'show', 37, NULL, 71, 72, 2),
(94, 'client', 'show', 38, NULL, 73, 74, 2),
(95, 'main', 'citasPorCiudad', 0, 'viewReportDatesByCity_front', 99, 100, 2),
(96, 'main', 'citasPorTelemarcador', 0, 'viewReportDatesByTelemarketer_front', 101, 102, 2),
(97, 'client', 'show', 39, NULL, 75, 76, 2),
(98, 'client', 'show', 40, NULL, 77, 78, 2),
(99, 'event', 'show', 4, NULL, 31, 32, 2),
(100, 'event', 'show', 5, NULL, 33, 34, 2),
(101, 'event', 'show', 6, NULL, 35, 36, 2),
(102, 'event', 'show', 7, NULL, 37, 38, 2),
(103, 'event', 'show', 8, NULL, 39, 40, 2),
(104, 'event', 'show', 9, NULL, 41, 42, 2),
(105, 'event', 'show', 10, NULL, 43, 44, 2),
(106, 'event', 'show', 11, NULL, 45, 46, 2),
(107, 'event', 'show', 12, NULL, 47, 48, 2),
(108, 'event', 'show', 13, NULL, 49, 50, 2),
(109, 'event', 'show', 14, NULL, 51, 52, 2),
(110, 'event', 'show', 15, NULL, 53, 54, 2),
(111, 'event', 'show', 16, NULL, 55, 56, 2),
(112, 'dmTag', 'show', 6, NULL, 17, 18, 2),
(113, 'dmTag', 'show', 7, NULL, 19, 20, 2);

INSERT INTO dm_page_translation (id, slug, name, title, h1, description, keywords, auto_mod, is_active, is_secure, is_indexable, lang) VALUES
(1, '', 'Home', 'Home', '', '', '', 'snthdk', 1, 1, 1, 'es'),
(2, 'error404', 'Page not found', 'Page not found', NULL, NULL, NULL, 'snthdk', 1, 0, 1, 'es'),
(3, 'security/signin', 'Signin', 'Signin', '', '', '', 'snthdk', 1, 0, 1, 'es'),
(4, 'calendario-eventos', 'Calendario', 'Calendario de eventos', '', '', '', 'snthdk', 1, 1, 1, 'es'),
(7, 'tags', 'Tags', 'Tags', NULL, 'Tags', NULL, 'snthdk', 1, 0, 1, 'es'),
(8, 'search', 'Resultados de la b', 'Resultados de la b', '', '', '', 'snthdk', 1, 1, 1, 'es'),
(10, 'eventos', 'Eventos', 'Eventos', '', 'Eventos', '', 'snthdk', 1, 1, 1, 'es'),
(22, 'tags/importante', 'importante', 'Importante', NULL, 'importante', NULL, 'snthdk', 1, 0, 1, 'es'),
(23, 'tags/cita', 'cita', 'Cita', NULL, 'cita', NULL, 'snthdk', 1, 0, 1, 'es'),
(24, 'tags/reunion', 'reunion', 'Reunion', NULL, 'reunion', NULL, 'snthdk', 1, 0, 1, 'es'),
(25, 'tags/evento', 'evento', 'Evento', NULL, 'evento', NULL, 'snthdk', 1, 0, 1, 'es'),
(27, 'clientes', 'Clientes', 'Listado de clientes', '', 'Clientes', '', 'snthdk', 1, 1, 1, 'es'),
(28, 'calendario-tramites', 'Calendario de trámites', 'Calendario de trámites', '', '', '', 'snthdk', 1, 1, 1, 'es'),
(34, 'tramites', 'Trámites', 'Listado de trámites', '', 'Listado de trámites', '', 'snthdk', 1, 1, 1, 'es'),
(35, 'clientes/cliente-nuevo', 'Cliente Nuevo', 'Cliente Nuevo', NULL, 'Cliente Nuevo', NULL, 'snthdk', 1, 0, 1, 'es'),
(42, 'clientes/geolocalizar', 'geolocalizar', 'Geolocalizar Clientes', '', '', '', 'snthdk', 1, 1, 1, 'es'),
(43, 'eventos/geolocalizar', 'Geolocalizar', 'Geolocalizar Citas', '', '', '', 'snthdk', 1, 1, 1, 'es'),
(44, 'tags/privado', 'privado', 'Privado', NULL, 'privado', NULL, 'snthdk', 1, 0, 1, 'es'),
(72, 'tramites/cliente-nuevo-modification', 'Cliente Nuevo  Modification', 'Cliente Nuevo  Modification', NULL, 'asdasd', NULL, 'snthdk', 0, 0, 1, 'es'),
(73, 'tramites/cliente-nuevo-modification-73', 'Cliente Nuevo  Modification', 'Cliente Nuevo  Modification', NULL, 'asdasdasdasdasdasdads', NULL, 'snthdk', 0, 0, 1, 'es'),
(74, 'tramites/cliente-nuevo-modification-74', 'Cliente Nuevo  Modification', 'Cliente Nuevo  Modification', NULL, 'sfsdfsdsdfsdfasdasd modificadoasdasd asdada', NULL, 'snthdk', 1, 0, 1, 'es'),
(75, 'tramites/cliente-nuevo-modification-75', 'Cliente Nuevo  Modification', 'Cliente Nuevo  Modification', NULL, 'segundo nuevoevento con enlace al cliente', NULL, 'snthdk', 0, 0, 1, 'es'),
(76, 'tramites/cliente-nuevo-modification-76', 'Cliente Nuevo  Modification', 'Cliente Nuevo  Modification', NULL, 'asfafasd', NULL, 'snthdk', 1, 0, 1, 'es'),
(77, 'clientes/cliente-del-agente', 'Cliente del Agente', 'Cliente del Agente', NULL, 'Cliente del Agente', NULL, 'snthdk', 1, 0, 1, 'es'),
(78, 'clientes/cdemostrativo-apellido', 'CDemostrativo Apellido', 'CDemostrativo Apellido', NULL, 'CDemostrativo Apellido', NULL, 'snthdk', 1, 0, 1, 'es'),
(79, 'incomming-calls', 'Incomming Calls', 'Incomming Calls', '', '', '', 'snthdk', 1, 1, 1, 'es'),
(80, 'eventos/prueba', 'prueba', 'Prueba', NULL, 'prueba', NULL, 'snthdk', 1, 0, 1, 'es'),
(89, 'reportes', 'Reportes', 'Reportes', '', '', '', 'snthdk', 1, 1, 0, 'es'),
(90, 'reportes/citas-por-agente', 'Citas por agente', 'Citas por agente', '', '', '', 'snthdk', 1, 1, 1, 'es'),
(91, 'clientes/resumen-del-cliente', 'Resumen del Cliente', 'Resumen del Cliente', NULL, NULL, NULL, 'snthdk', 1, 0, 1, 'es'),
(92, 'clientes/pepe-gonzalez', 'Pepe Gonzalez', 'Pepe Gonzalez', NULL, 'Pepe Gonzalez', NULL, 'snthdk', 1, 0, 1, 'es'),
(93, 'clientes/creado-por-ag-pedrito', 'Creado Por Ag. Pedrito', 'Creado Por Ag. Pedrito', NULL, 'Creado Por Ag. Pedrito', NULL, 'snthdk', 1, 0, 1, 'es'),
(94, 'clientes/resumen-cliente', 'Resumen Cliente', 'Resumen Cliente', NULL, 'Resumen Cliente', NULL, 'snthdk', 1, 0, 1, 'es'),
(95, 'reportes/citas-por-ciudad', 'Citas por Ciudad', 'Citas por Ciudad', '', '', '', 'snthdk', 1, 1, 1, 'es'),
(96, 'reportes/citas-por-telemarcador', 'Citas por Telemarcador', 'Citas por Telemarcador', '', '', '', 'snthdk', 1, 1, 1, 'es'),
(97, 'clientes/client-test', 'Client Test', 'Client Test', NULL, 'Client Test', NULL, 'snthdk', 1, 0, 1, 'es'),
(98, 'clientes/ultimo-cliente', 'Ultimo Cliente', 'Ultimo Cliente', NULL, 'Ultimo Cliente', NULL, 'snthdk', 1, 0, 1, 'es'),
(99, 'eventos/primera-cita', 'Primera cita', 'Primera cita', NULL, 'asdasdasd', NULL, 'snthdk', 1, 0, 1, 'es'),
(100, 'eventos/cita', 'Cita', 'Cita', NULL, 'cita', NULL, 'snthdk', 1, 0, 1, 'es'),
(101, 'eventos/segunda-cita', 'Segunda Cita', 'Segunda Cita', NULL, 'adsasdjlnasjdn', NULL, 'snthdk', 1, 0, 1, 'es'),
(102, 'eventos/tercera-cita', 'Tercera cita', 'Tercera cita', NULL, 'sdasdasdas', NULL, 'snthdk', 1, 0, 1, 'es'),
(103, 'eventos/segunda-cita-103', 'Segunda Cita', 'Segunda Cita', NULL, 'Descripcion de la segunda cita', NULL, 'snthdk', 1, 0, 1, 'es'),
(104, 'eventos/cita-a-agente', 'Cita a agente', 'Cita a agente', NULL, 'Esta es una cita apra agente', NULL, 'snthdk', 1, 0, 1, 'es'),
(105, 'eventos/cancelado', 'Cancelado', 'Cancelado', NULL, 'cancelado', NULL, 'snthdk', 1, 0, 1, 'es'),
(106, 'eventos/concluido', 'Concluido', 'Concluido', NULL, 'Concluido', NULL, 'snthdk', 1, 0, 1, 'es'),
(107, 'eventos/reasignado', 'Reasignado', 'Reasignado', NULL, 'reasignado', NULL, 'snthdk', 1, 0, 1, 'es'),
(108, 'eventos/seguimiento', 'Seguimiento', 'Seguimiento', NULL, 'Seguimiento', NULL, 'snthdk', 1, 0, 1, 'es'),
(109, 'eventos/no-show', 'No Show', 'No Show', NULL, 'no show', NULL, 'snthdk', 1, 0, 1, 'es'),
(110, 'eventos/cerrado', 'Cerrado', 'Cerrado', NULL, 'cancelado', NULL, 'snthdk', 1, 0, 1, 'es'),
(111, 'eventos/asignado', 'Asignado', 'Asignado', NULL, 'Asignado', NULL, 'snthdk', 1, 0, 1, 'es'),
(112, 'tags/admin', 'admin', 'Admin', NULL, 'admin', NULL, 'snthdk', 1, 0, 1, 'es'),
(113, 'tags/samper', 'samper', 'Samper', NULL, 'samper', NULL, 'snthdk', 1, 0, 1, 'es');

INSERT INTO dm_page_view (id, module, action, dm_layout_id) VALUES
(1, 'main', 'root', 1),
(2, 'main', 'error404', 1),
(3, 'main', 'signin', 1),
(4, 'evento', 'fullCalendar', 1),
(5, 'main', 'misEventos', 1),
(6, 'main', 'misClientes', 1),
(7, 'dmTag', 'list', 1),
(8, 'main', 'search', 1),
(9, 'event', 'show', 1),
(10, 'event', 'list', 1),
(11, 'dmTag', 'show', 1),
(12, 'client', 'list', 1),
(13, 'clientFile', 'fullCalendar', 1),
(14, 'clientFile', 'list', 1),
(15, 'client', 'show', 1),
(16, 'clientFile', 'show', 1),
(17, 'client', 'geolocalizar', 1),
(18, 'event', 'geolocalizar', 1),
(19, 'callCenter', 'incommingCalls', 1),
(20, 'main', 'reportes', 1),
(21, 'main', 'citasPorAgente', 1),
(22, 'client', 'resumenDelCliente', 1),
(23, 'main', 'citasPorCiudad', 1),
(24, 'main', 'citasPorTelemarcador', 1);

INSERT INTO dm_permission (id, name, description, created_at, updated_at) VALUES
(1, 'system', 'System administrator', '2010-06-09 17:30:10', '2010-06-09 17:30:10'),
(2, 'admin', 'Log into administration', '2010-06-09 17:30:10', '2010-06-09 17:30:10'),
(3, 'clear_cache', 'Clear the cache', '2010-06-09 17:30:10', '2010-06-09 17:30:10'),
(4, 'log', 'Manage logs', '2010-06-09 17:30:10', '2010-06-09 17:30:10'),
(5, 'code_editor', 'Use admin and front code editors', '2010-06-09 17:30:10', '2010-06-09 17:30:10'),
(6, 'security_user', 'Manage security users', '2010-06-09 17:30:10', '2010-06-09 17:30:10'),
(7, 'security_permission', 'Manage security permissions', '2010-06-09 17:30:10', '2010-06-09 17:30:10'),
(8, 'security_group', 'Manage security groups', '2010-06-09 17:30:10', '2010-06-09 17:30:10'),
(9, 'content', 'CRUD dynamic content in admin', '2010-06-09 17:30:10', '2010-06-09 17:30:10'),
(10, 'zone_add', 'Add zones', '2010-06-09 17:30:10', '2010-06-09 17:30:10'),
(11, 'zone_edit', 'Edit zones', '2010-06-09 17:30:10', '2010-06-09 17:30:10'),
(12, 'zone_delete', 'Delete zones', '2010-06-09 17:30:10', '2010-06-09 17:30:10'),
(13, 'widget_add', 'Add widgets', '2010-06-09 17:30:10', '2010-06-09 17:30:10'),
(14, 'widget_edit', 'Edit widgets', '2010-06-09 17:30:10', '2010-06-09 17:30:10'),
(15, 'widget_delete', 'Delete widgets', '2010-06-09 17:30:10', '2010-06-09 17:30:10'),
(16, 'widget_edit_fast', 'Can fast edit widgets', '2010-06-09 17:30:10', '2010-06-09 17:30:10'),
(17, 'widget_edit_fast_record', 'Fast edit widget record', '2010-06-09 17:30:10', '2010-06-09 17:30:10'),
(18, 'widget_edit_fast_content_title', 'Fast edit widget content title', '2010-06-09 17:30:10', '2010-06-09 17:30:10'),
(19, 'widget_edit_fast_content_link', 'Fast edit widget content link', '2010-06-09 17:30:10', '2010-06-09 17:30:10'),
(20, 'widget_edit_fast_content_image', 'Fast edit widget content image', '2010-06-09 17:30:10', '2010-06-09 17:30:10'),
(21, 'widget_edit_fast_content_text', 'Fast edit widget content text', '2010-06-09 17:30:10', '2010-06-09 17:30:10'),
(22, 'widget_edit_fast_navigation_menu', 'Fast edit widget navigation menu', '2010-06-09 17:30:10', '2010-06-09 17:30:10'),
(23, 'page_add', 'Add pages', '2010-06-09 17:30:10', '2010-06-09 17:30:10'),
(24, 'page_edit', 'Edit pages', '2010-06-09 17:30:10', '2010-06-09 17:30:10'),
(25, 'page_delete', 'Delete pages', '2010-06-09 17:30:10', '2010-06-09 17:30:10'),
(26, 'page_bar_admin', 'See page bar in admin', '2010-06-09 17:30:10', '2010-06-09 17:30:10'),
(27, 'media_bar_admin', 'See media bar in admin', '2010-06-09 17:30:10', '2010-06-09 17:30:10'),
(28, 'media_library', 'Use media library in admin', '2010-06-09 17:30:10', '2010-06-09 17:30:10'),
(29, 'tool_bar_admin', 'See toolbar in admin', '2010-06-09 17:30:10', '2010-06-09 17:30:10'),
(30, 'page_bar_front', 'See page bar in front', '2010-06-09 17:30:10', '2010-06-09 17:30:10'),
(31, 'media_bar_front', 'See media bar in front', '2010-06-09 17:30:10', '2010-06-09 17:30:10'),
(32, 'tool_bar_front', 'See toolbar in front', '2010-06-09 17:30:10', '2010-06-09 17:30:10'),
(33, 'site_view', 'See non-public website and inactive pages', '2010-06-09 17:30:10', '2010-06-09 17:30:10'),
(34, 'loremize', 'Create automatic random content', '2010-06-09 17:30:10', '2010-06-09 17:30:10'),
(35, 'export_table', 'Export table contents', '2010-06-09 17:30:10', '2010-06-09 17:30:10'),
(36, 'sitemap', 'Regenerate sitemap', '2010-06-09 17:30:10', '2010-06-09 17:30:10'),
(37, 'automatic_metas', 'Configure automatic pages metas', '2010-06-09 17:30:10', '2010-06-09 17:30:10'),
(38, 'manual_metas', 'Configure manually pages metas', '2010-06-09 17:30:10', '2010-06-09 17:30:10'),
(39, 'manage_pages', 'Move and sort pages', '2010-06-09 17:30:10', '2010-06-09 17:30:10'),
(40, 'url_redirection', 'Configure url redirections', '2010-06-09 17:30:10', '2010-06-09 17:30:10'),
(41, 'use_google_analytics', 'Use google analytics', '2010-06-09 17:30:10', '2010-06-09 17:30:10'),
(42, 'google_analytics', 'Configure google analytics', '2010-06-09 17:30:10', '2010-06-09 17:30:10'),
(43, 'use_google_webmaster_tools', 'Use google webmaster tools', '2010-06-09 17:30:10', '2010-06-09 17:30:10'),
(44, 'google_webmaster_tools', 'Configure google webmaster tools', '2010-06-09 17:30:10', '2010-06-09 17:30:10'),
(45, 'xiti', 'Configure Xiti', '2010-06-09 17:30:10', '2010-06-09 17:30:10'),
(46, 'search_engine', 'Manage internal search engine', '2010-06-09 17:30:10', '2010-06-09 17:30:10'),
(47, 'see_log', 'See the logs', '2010-06-09 17:30:10', '2010-06-09 17:30:10'),
(48, 'see_chart', 'See the charts', '2010-06-09 17:30:10', '2010-06-09 17:30:10'),
(49, 'see_diagrams', 'See the developer diagrams', '2010-06-09 17:30:10', '2010-06-09 17:30:10'),
(50, 'see_server', 'See the server infos', '2010-06-09 17:30:10', '2010-06-09 17:30:10'),
(51, 'config_panel', 'Use the configuration panel', '2010-06-09 17:30:10', '2010-06-09 17:30:10'),
(52, 'translation', 'Use the translation interface', '2010-06-09 17:30:10', '2010-06-09 17:30:10'),
(53, 'layout', 'Use the layout interface', '2010-06-09 17:30:10', '2010-06-09 17:30:10'),
(54, 'sent_mail', 'See mails sent by server', '2010-06-09 17:30:10', '2010-06-09 17:30:10'),
(55, 'mail_template', 'Configure mail templates', '2010-06-09 17:30:10', '2010-06-09 17:30:10'),
(56, 'error_log', 'See error log', '2010-06-09 17:30:10', '2010-06-09 17:30:10'),
(57, 'interface_settings', 'Manage interface settings like default image resize method', '2010-06-09 17:30:10', '2010-06-09 17:30:10'),
(58, 'activeListing_borrar_entradas', 'Permitir Borrar Entradas en el modulo activeListing', '2010-06-28 21:41:54', '2010-06-28 21:41:54'),
(59, 'activeListing_listar_contenido', 'Permitir Listar todas las Entradas en el modulo activeListing', '2010-06-28 21:41:54', '2010-06-28 21:41:54'),
(60, 'activeListing_modificar_entradas', 'Permitir Editar Entradas del modulo activeListing', '2010-06-28 21:41:54', '2010-06-28 21:41:54'),
(61, 'activeListing_adicionar_entradas', 'Permitir Adicionar Entradas del modulo activeListing', '2010-06-28 21:41:54', '2010-06-28 21:41:54'),
(62, 'activeLoans_borrar_entradas', 'Permitir Borrar Entradas en el modulo activeLoans', '2010-06-28 21:41:54', '2010-06-28 21:41:54'),
(63, 'activeLoans_listar_contenido', 'Permitir Listar todas las Entradas en el modulo activeLoans', '2010-06-28 21:41:54', '2010-06-28 21:41:54'),
(64, 'activeLoans_modificar_entradas', 'Permitir Editar Entradas del modulo activeLoans', '2010-06-28 21:41:54', '2010-06-28 21:41:54'),
(65, 'activeLoans_adicionar_entradas', 'Permitir Adicionar Entradas del modulo activeLoans', '2010-06-28 21:41:54', '2010-06-28 21:41:54'),
(66, 'activeMods_borrar_entradas', 'Permitir Borrar Entradas en el modulo activeMods', '2010-06-28 21:41:54', '2010-06-28 21:41:54'),
(67, 'activeMods_listar_contenido', 'Permitir Listar todas las Entradas en el modulo activeMods', '2010-06-28 21:41:54', '2010-06-28 21:41:54'),
(68, 'activeMods_modificar_entradas', 'Permitir Editar Entradas del modulo activeMods', '2010-06-28 21:41:54', '2010-06-28 21:41:54'),
(69, 'activeMods_adicionar_entradas', 'Permitir Adicionar Entradas del modulo activeMods', '2010-06-28 21:41:55', '2010-06-28 21:41:55'),
(70, 'agent_borrar_entradas', 'Permitir Borrar Entradas en el modulo agent', '2010-06-28 21:41:55', '2010-06-28 21:41:55'),
(71, 'agent_listar_contenido', 'Permitir Listar todas las Entradas en el modulo agent', '2010-06-28 21:41:55', '2010-06-28 21:41:55'),
(72, 'agent_modificar_entradas', 'Permitir Editar Entradas del modulo agent', '2010-06-28 21:41:55', '2010-06-28 21:41:55'),
(73, 'agent_adicionar_entradas', 'Permitir Adicionar Entradas del modulo agent', '2010-06-28 21:41:55', '2010-06-28 21:41:55'),
(74, 'asset_borrar_entradas', 'Permitir Borrar Entradas en el modulo asset', '2010-06-28 21:41:55', '2010-06-28 21:41:55'),
(75, 'asset_listar_contenido', 'Permitir Listar todas las Entradas en el modulo asset', '2010-06-28 21:41:55', '2010-06-28 21:41:55'),
(76, 'asset_modificar_entradas', 'Permitir Editar Entradas del modulo asset', '2010-06-28 21:41:55', '2010-06-28 21:41:55'),
(77, 'asset_adicionar_entradas', 'Permitir Adicionar Entradas del modulo asset', '2010-06-28 21:41:55', '2010-06-28 21:41:55'),
(78, 'bank_borrar_entradas', 'Permitir Borrar Entradas en el modulo bank', '2010-06-28 21:41:55', '2010-06-28 21:41:55'),
(79, 'bank_listar_contenido', 'Permitir Listar todas las Entradas en el modulo bank', '2010-06-28 21:41:55', '2010-06-28 21:41:55'),
(80, 'bank_modificar_entradas', 'Permitir Editar Entradas del modulo bank', '2010-06-28 21:41:55', '2010-06-28 21:41:55'),
(81, 'bank_adicionar_entradas', 'Permitir Adicionar Entradas de\r\n  l modulo bank', '2010-06-28 21:41:55', '2010-06-28 21:41:55'),
(82, 'city_borrar_entradas', 'Permitir Borrar Entradas en el modulo city', '2010-06-28 21:41:55', '2010-06-28 21:41:55'),
(83, 'city_listar_contenido', 'Permitir Listar todas las Entradas en el modulo city', '2010-06-28 21:41:55', '2010-06-28 21:41:55'),
(84, 'city_modificar_entradas', 'Permitir Editar Entradas del modulo city', '2010-06-28 21:41:55', '2010-06-28 21:41:55'),
(85, 'city_adicionar_entradas', 'Permitir Adicionar Entradas del modulo city', '2010-06-28 21:41:55', '2010-06-28 21:41:55'),
(86, 'client_borrar_entradas', 'Permitir Borrar Entradas en el modulo client', '2010-06-28 21:41:55', '2010-06-28 21:41:55'),
(87, 'client_listar_contenido', 'Permitir Listar todas las Entradas en el modulo client', '2010-06-28 21:41:55', '2010-06-28 21:41:55'),
(88, 'client_modificar_entradas', 'Permitir Editar Entradas del modulo client', '2010-06-28 21:41:55', '2010-06-28 21:41:55'),
(89, 'client_adicionar_entradas', 'Permitir Adicionar Entradas del modulo client', '2010-06-28 21:41:55', '2010-06-28 21:41:55'),
(90, 'clientAssets_borrar_entradas', 'Permitir Borrar Entradas en el modulo clientAssets', '2010-06-28 21:41:55', '2010-06-28 21:41:55'),
(91, 'clientAssets_listar_contenido', 'Permitir Listar todas las Entradas en el modulo clientAssets', '2010-06-28 21:41:55', '2010-06-28 21:41:55'),
(92, 'clientAssets_modificar_entradas', 'Permitir Editar Entradas del modulo clientAssets', '2010-06-28 21:41:55', '2010-06-28 21:41:55'),
(93, 'clientAssets_adicionar_entradas', 'Permitir Adicionar Entradas del modulo clientAssets', '2010-06-28 21:41:55', '2010-06-28 21:41:55'),
(94, 'clientExpenses_borrar_entradas', 'Permitir Borrar Entradas en el modulo clientExpenses', '2010-06-28 21:41:55', '2010-06-28 21:41:55'),
(95, 'clientExpenses_listar_contenido', 'Permitir Listar todas las Entradas en el modulo clientExpenses', '2010-06-28 21:41:56', '2010-06-28 21:41:56'),
(96, 'clientExpenses_modificar_entradas', 'Permitir Editar Entradas del modulo clientExpenses', '2010-06-28 21:41:56', '2010-06-28 21:41:56'),
(97, 'clientExpenses_adicionar_entradas', 'Permitir Adicionar Entradas del modulo clientExpenses', '2010-06-28 21:41:56', '2010-06-28 21:41:56'),
(98, 'clientFile_borrar_entradas', 'Permitir Borrar Entradas en el modulo clientFile', '2010-06-28 21:41:56', '2010-06-28 21:41:56'),
(99, 'clientFile_listar_contenido', 'Permitir Listar todas las Entradas en el modulo clientFile', '2010-06-28 21:41:56', '2010-06-28 21:41:56'),
(100, 'clientFile_modificar_entradas', 'Permitir Editar Entradas del modulo clientFile', '2010-06-28 21:41:56', '2010-06-28 21:41:56'),
(101, 'clientFile_adicionar_entradas', 'Permitir Adicionar Entradas del modulo clientFile', '2010-06-28 21:41:56', '2010-06-28 21:41:56'),
(102, 'clientIncomes_borrar_entradas', 'Permitir Borrar Entradas en el modulo clientIncomes', '2010-06-28 21:41:56', '2010-06-28 21:41:56'),
(103, 'clientIncomes_listar_contenido', 'Permitir Listar todas las Entradas en el modulo clientIncomes', '2010-06-28 21:41:56', '2010-06-28 21:41:56'),
(104, 'clientIncomes_modificar_entradas', 'Permitir Editar Entradas del modulo clientIncomes', '2010-06-28 21:41:56', '2010-06-28 21:41:56'),
(105, 'clientIncomes_adicionar_entradas', 'Permitir Adicionar Entradas del modulo clientIncomes', '2010-06-28 21:41:56', '2010-06-28 21:41:56'),
(106, 'clientLiabilities_borrar_entradas', 'Permitir Borrar Entradas en el modulo clientLiabilities', '2010-06-28 21:41:56', '2010-06-28 21:41:56'),
(107, 'clientLiabilities_listar_contenido', 'Permitir Listar todas las Entradas en el modulo clientLiabilities', '2010-06-28 21:41:56', '2010-06-28 21:41:56'),
(108, 'clientLiabilities_modificar_entradas', 'Permitir Editar Entradas del modulo clientLiabilities', '2010-06-28 21:41:56', '2010-06-28 21:41:56'),
(109, 'clientLiabilities_adicionar_entradas', 'Permitir Adicionar Entradas del modulo clientLiabilities', '2010-06-28 21:41:56', '2010-06-28 21:41:56'),
(110, 'company_borrar_entradas', 'Permitir Borrar Entradas en el modulo company', '2010-06-28 21:41:56', '2010-06-28 21:41:56'),
(111, 'company_listar_contenido', 'Permitir Listar todas las Entradas en el modulo company', '2010-06-28 21:41:56', '2010-06-28 21:41:56'),
(112, 'company_modificar_entradas', 'Permitir Editar Entradas del modulo company', '2010-06-28 21:41:56', '2010-06-28 21:41:56'),
(113, 'company_adicionar_entradas', 'Permitir Adicionar Entradas del modulo company', '2010-06-28 21:41:56', '2010-06-28 21:41:56'),
(114, 'conditionsSent_borrar_entradas', 'Permitir Borrar Entradas en el modulo conditionsSent', '2010-06-28 21:41:56', '2010-06-28 21:41:56'),
(115, 'conditionsSent_listar_contenido', 'Permitir Listar todas las Entradas en el modulo conditionsSent', '2010-06-28 21:41:56', '2010-06-28 21:41:56'),
(116, 'conditionsSent_modificar_entradas', 'Permitir Editar Entradas del modulo conditionsSent', '2010-06-28 21:41:57', '2010-06-28 21:41:57'),
(117, 'conditionsSent_adicionar_entradas', 'Permitir Adicionar Entradas del modulo conditionsSent', '2010-06-28 21:41:57', '2010-06-28 21:41:57'),
(118, 'employment_borrar_entradas', 'Permitir Borrar Entradas en el modulo employment', '2010-06-28 21:41:57', '2010-06-28 21:41:57'),
(119, 'employment_listar_contenido', 'Permitir Listar todas las Entradas en el modulo employment', '2010-06-28 21:41:57', '2010-06-28 21:41:57'),
(120, 'employment_modificar_entradas', 'Permitir Editar Entradas del modulo employment', '2010-06-28 21:41:57', '2010-06-28 21:41:57'),
(121, 'employment_adicionar_entradas', 'Permitir Adicionar Entradas del modulo employment', '2010-06-28 21:41:57', '2010-06-28 21:41:57'),
(122, 'event_borrar_entradas', 'Permitir Borrar Entradas en el modulo event', '2010-06-28 21:41:57', '2010-06-28 21:41:57'),
(123, 'event_listar_contenido', 'Permitir Listar todas las Entradas en el modulo event', '2010-06-28 21:41:57', '2010-06-28 21:41:57'),
(124, 'event_modificar_entradas', 'Permitir Editar Entradas del modulo event', '2010-06-28 21:41:57', '2010-06-28 21:41:57'),
(125, 'event_adicionar_entradas', 'Permitir Adicionar Entradas del modulo event', '2010-06-28 21:41:57', '2010-06-28 21:41:57'),
(126, 'eventCategory_borrar_entradas', 'Permitir Borrar Entradas en el modulo eventCategory', '2010-06-28 21:42:22', '2010-06-28 21:42:22'),
(127, 'eventCategory_listar_contenido', 'Permitir Listar todas las Entradas en el modulo eventCategory', '2010-06-28 21:42:22', '2010-06-28 21:42:22'),
(128, 'eventCategory_modificar_entradas', 'Permitir Editar Entradas del modulo eventCategory', '2010-06-28 21:42:22', '2010-06-28 21:42:22'),
(129, 'eventCategory_adicionar_entradas', 'Permitir Adicionar Entradas del modulo eventCategory', '2010-06-28 21:42:22', '2010-06-28 21:42:22'),
(130, 'eventStatus_borrar_entradas', 'Permitir Borrar Entradas en el modulo eventStatus', '2010-06-28 21:42:22', '2010-06-28 21:42:22'),
(131, 'eventStatus_listar_contenido', 'Permitir Listar todas las Entradas en el modulo eventStatus', '2010-06-28 21:42:22', '2010-06-28 21:42:22'),
(132, 'eventStatus_modificar_entradas', 'Permitir Editar Entradas del modulo eventStatus', '2010-06-28 21:42:23', '2010-06-28 21:42:23'),
(133, 'eventStatus_adicionar_entradas', 'Permitir Adicionar Entradas del modulo eventStatus', '2010-06-28 21:42:23', '2010-06-28 21:42:23'),
(134, 'expense_borrar_entradas', 'Permitir Borrar Entradas en el modulo expense', '2010-06-28 21:42:23', '2010-06-28 21:42:23'),
(135, 'expense_listar_contenido', 'Permitir Listar todas las Entradas en el modulo expense', '2010-06-28 21:42:23', '2010-06-28 21:42:23'),
(136, 'expense_modificar_entradas', 'Permitir Editar Entradas del modulo expense', '2010-06-28 21:42:23', '2010-06-28 21:42:23'),
(137, 'expense_adicionar_entradas', 'Permitir Adicionar Entradas del modulo expense', '2010-06-28 21:42:23', '2010-06-28 21:42:23'),
(138, 'fileType_borrar_entradas', 'Permitir Borrar Entradas en el modulo fileType', '2010-06-28 21:42:23', '2010-06-28 21:42:23'),
(139, 'fileType_listar_contenido', 'Permitir Listar todas las Entradas en el modulo fileType', '2010-06-28 21:42:23', '2010-06-28 21:42:23'),
(140, 'fileType_modificar_entradas', 'Permitir Editar Entradas del modulo fileType', '2010-06-28 21:42:23', '2010-06-28 21:42:23'),
(141, 'fileType_adicionar_entradas', 'Permitir Adicionar Entradas del modulo fileType', '2010-06-28 21:42:23', '2010-06-28 21:42:23'),
(142, 'income_borrar_entradas', 'Permitir Borrar Entradas en el modulo income', '2010-06-28 21:42:23', '2010-06-28 21:42:23'),
(143, 'income_listar_contenido', 'Permitir Listar todas las Entradas en el modulo income', '2010-06-28 21:42:23', '2010-06-28 21:42:23'),
(144, 'income_modificar_entradas', 'Permitir Editar Entradas del modulo income', '2010-06-28 21:42:23', '2010-06-28 21:42:23'),
(145, 'income_adicionar_entradas', 'Permitir Adicionar Entradas del modulo income', '2010-06-28 21:42:23', '2010-06-28 21:42:23'),
(146, 'liabilities_borrar_entradas', 'Permitir Borrar Entradas en el modulo liabilities', '2010-06-28 21:42:23', '2010-06-28 21:42:23'),
(147, 'liabilities_listar_contenido', 'Permitir Listar todas las Entradas en el modulo liabilities', '2010-06-28 21:42:23', '2010-06-28 21:42:23'),
(148, 'liabilities_modificar_entradas', 'Permitir Editar Entradas del modulo liabilities', '2010-06-28 21:42:23', '2010-06-28 21:42:23'),
(149, 'liabilities_adicionar_entradas', 'Permitir Adicionar Entradas del modulo liabilities', '2010-06-28 21:42:23', '2010-06-28 21:42:23'),
(150, 'modification_borrar_entradas', 'Permitir Borrar Entradas en el modulo modification', '2010-06-28 21:42:23', '2010-06-28 21:42:23'),
(151, 'modification_listar_contenido', 'Permitir Listar todas las Entradas en el modulo modification', '2010-06-28 21:42:23', '2010-06-28 21:42:23'),
(152, 'modification_modificar_entradas', 'Permitir Editar Entradas del modulo modification', '2010-06-28 21:42:23', '2010-06-28 21:42:23'),
(153, 'modification_adicionar_entradas', 'Permitir Adicionar Entradas del modulo modification', '2010-06-28 21:42:24', '2010-06-28 21:42:24'),
(154, 'property_borrar_entradas', 'Permitir Borrar Entradas en el modulo property', '2010-06-28 21:42:24', '2010-06-28 21:42:24'),
(155, 'property_listar_contenido', 'Permitir Listar todas las Entradas en el modulo property', '2010-06-28 21:42:24', '2010-06-28 21:42:24'),
(156, 'property_modificar_entradas', 'Permitir Editar Entradas del modulo property', '2010-06-28 21:42:24', '2010-06-28 21:42:24'),
(157, 'property_adicionar_entradas', 'Permitir Adicionar Entradas del modulo property', '2010-06-28 21:42:24', '2010-06-28 21:42:24'),
(158, 'realState_borrar_entradas', 'Permitir Borrar Entradas en el modulo realState', '2010-06-28 21:42:24', '2010-06-28 21:42:24'),
(159, 'realState_listar_contenido', 'Permitir Listar todas las Entradas en el modulo realState', '2010-06-28 21:42:24', '2010-06-28 21:42:24'),
(160, 'realState_modificar_entradas', 'Permitir Editar Entradas del modulo realState', '2010-06-28 21:42:24', '2010-06-28 21:42:24'),
(161, 'realState_adicionar_entradas', 'Permitir Adicionar Entradas del modulo realState', '2010-06-28 21:42:24', '2010-06-28 21:42:24'),
(162, 'referidos_borrar_entradas', 'Permitir Borrar Entradas en el modulo referidos', '2010-06-28 21:42:24', '2010-06-28 21:42:24'),
(163, 'referidos_listar_contenido', 'Permitir Listar todas las Entradas en el modulo referidos', '2010-06-28 21:42:24', '2010-06-28 21:42:24'),
(164, 'referidos_modificar_entradas', 'Permitir Editar Entradas del modulo referidos', '2010-06-28 21:42:24', '2010-06-28 21:42:24'),
(165, 'referidos_adicionar_entradas', 'Permitir Adicionar Entradas del modulo referidos', '2010-06-28 21:42:24', '2010-06-28 21:42:24'),
(166, 'shortSale_borrar_entradas', 'Permitir Borrar Entradas en el modulo shortSale', '2010-06-28 21:42:24', '2010-06-28 21:42:24'),
(167, 'shortSale_listar_contenido', 'Permitir Listar todas las Entradas en el modulo shortSale', '2010-06-28 21:42:24', '2010-06-28 21:42:24'),
(168, 'shortSale_modificar_entradas', 'Permitir Editar Entradas del modulo shortSale', '2010-06-28 21:42:24', '2010-06-28 21:42:24'),
(169, 'shortSale_adicionar_entradas', 'Permitir Adicionar Entradas del modulo shortSale', '2010-06-28 21:42:24', '2010-06-28 21:42:24'),
(170, 'state_borrar_entradas', 'Permitir Borrar Entradas en el modulo state', '2010-06-28 21:42:24', '2010-06-28 21:42:24'),
(171, 'state_listar_contenido', 'Permitir Listar todas las Entradas en el modulo state', '2010-06-28 21:42:24', '2010-06-28 21:42:24'),
(172, 'state_modificar_entradas', 'Permitir Editar Entradas del modulo state', '2010-06-28 21:42:24', '2010-06-28 21:42:24'),
(173, 'state_adicionar_entradas', 'Permitir Adicionar Entradas del modulo state', '2010-06-28 21:42:24', '2010-06-28 21:42:24'),
(174, 'viewEventCalendar_front', 'Ver Calendario personal de Eventos', '2010-07-19 02:33:30', '2010-07-19 02:33:30'),
(175, 'listEvents_front', 'Listar eventos personales en el frontend', '2010-07-19 02:34:08', '2010-07-19 02:34:08'),
(176, 'viewClientFileCalendar_front', 'Ver calendario de CilentFiles', '2010-07-19 02:34:46', '2010-07-19 02:34:46'),
(177, 'listClientFiles_front', 'Listar ClientFiles en el Frontend', '2010-07-19 02:35:45', '2010-07-19 02:35:45'),
(178, 'listClients_front', 'Listar Clientes en el frontend.', '2010-07-19 02:36:32', '2010-07-19 02:36:32'),
(179, 'geoListClients_front', 'Geolocalizar clientes en el frontend', '2010-07-19 02:37:09', '2010-07-19 02:37:09'),
(180, 'geoListEvents_front', 'Geolocalizar citas en el frontend', '2010-07-19 02:38:01', '2010-07-19 02:38:01'),
(181, 'listIncommingCalls_front', 'Listar Incomming Calls en el frontend', '2010-08-07 03:18:07', '2010-08-07 03:18:36'),
(182, 'insertCompanies_front', 'Insertar compannias en el frontend', '2010-08-07 03:33:10', '2010-08-07 03:33:10'),
(183, 'insertBanks_front', 'Insertar bancos en el frontend', '2010-08-07 03:33:38', '2010-08-07 03:33:38'),
(184, 'house_adicionar_entradas', 'Adicionar Casas en el Backend', '2010-08-07 22:27:30', '2010-08-07 22:27:30'),
(185, 'house_borrar_entradas', 'Eliminar Casas en el Backend', '2010-08-07 22:28:14', '2010-08-07 22:28:14'),
(186, 'house_listar_contenido', 'Listar Casas en el Backend', '2010-08-07 22:28:41', '2010-08-07 22:28:41'),
(187, 'house_modificar_entradas', 'Modificar Casas en el backend', '2010-08-07 22:28:57', '2010-08-07 22:28:57'),
(188, 'viewReports_front', 'Ver los reportes en el frontend', '2010-08-21 08:19:26', '2010-08-21 08:19:26'),
(189, 'viewReportDatesByCity_front', 'Ver Reporte Agentes por Ciudad en el frontend', '2010-08-21 08:22:22', '2010-08-21 08:26:04'),
(190, 'viewReportDatesByTelemarketer_front', 'Ver Reporte Citas por telemarcador', '2010-08-21 08:23:28', '2010-08-21 08:23:28'),
(191, 'viewReportDatesByAgents_front', 'Ver reporte Citas por Agente', '2010-08-21 08:25:20', '2010-08-21 08:25:20'),
(192, 'eventAssign', 'Asignar eventos a usuarios', '2010-08-26 06:33:26', '2010-08-26 06:33:26'),
(193, 'eventChangeDates', '', '2010-08-30 05:59:34', '2010-08-30 05:59:34'),
(194, 'eventChangeStatus', 'Cambiar el estado de los eventos', '2010-08-30 06:22:31', '2010-08-30 06:22:31');


INSERT INTO dm_remember_key (dm_user_id, remember_key, ip_address, created_at) VALUES
(1, '0e245390903501b359532292972e1b7a', '127.0.0.1', '2010-08-31 06:00:36');


INSERT INTO dm_setting (id, name, type, params, group_name, credentials) VALUES
(1, 'site_name', 'text', NULL, 'site', NULL),
(2, 'site_active', 'boolean', NULL, 'site', NULL),
(3, 'site_indexable', 'boolean', NULL, 'site', NULL),
(4, 'site_working_copy', 'boolean', NULL, 'site', NULL),
(5, 'ga_key', 'text', NULL, 'tracking', 'google_analytics'),
(6, 'ga_token', 'text', NULL, 'internal', 'google_analytics'),
(7, 'gwt_key', 'text', NULL, 'tracking', 'google_webmaster_tools'),
(8, 'xiti_code', 'textarea', NULL, 'tracking', 'xiti'),
(9, 'search_stop_words', 'textarea', NULL, 'search engine', 'search_engine'),
(10, 'base_urls', 'textarea', NULL, 'internal', 'system'),
(11, 'image_resize_method', 'select', 'fit=Fit scale=Scale inflate=Inflate top=Top right=Right left=Left bottom=Bottom center=Center', 'interface', 'interface_settings'),
(12, 'image_resize_quality', 'number', NULL, 'interface', 'interface_settings'),
(13, 'link_external_blank', 'boolean', NULL, 'interface', 'interface_settings'),
(14, 'link_current_span', 'boolean', NULL, 'interface', 'interface_settings'),
(15, 'link_use_page_title', 'boolean', NULL, 'interface', 'interface_settings'),
(16, 'title_prefix', 'text', NULL, 'seo', 'manual_metas'),
(17, 'title_suffix', 'text', NULL, 'seo', 'manual_metas'),
(18, 'smart_404', 'boolean', NULL, 'seo', 'url_redirection');

INSERT INTO dm_setting_translation (id, description, value, default_value, lang) VALUES
(1, 'The site name', 'Intranet', 'Intranet', 'es'),
(2, 'Is the site ready for visitors ?', '1', '1', 'es'),
(3, 'Is the site ready for search engine crawlers ?', '1', '1', 'es'),
(4, 'Is this site the current working copy ?', '1', '1', 'es'),
(5, 'The google analytics key without javascript stuff ( e.g. UA-9876614-1 )', NULL, '', 'es'),
(6, 'Auth token gor Google Analytics, computed from password', NULL, '', 'es'),
(7, 'The google webmaster tools filename without google and .html ( e.g. a913b555ba9b4f13 )', NULL, '', 'es'),
(8, 'The xiti html code', NULL, '', 'es'),
(9, 'Words to exclude from searches (e.g. the, a, to )', NULL, '', 'es'),
(10, 'Diem base urls for different applications/environments/cultures', '{"front-dev":"http:\\/\\/intranet\\/dev.php","front-prod":"http:\\/\\/intranet\\/index.php","admin-dev":"http:\\/\\/intranet\\/admin_dev.php","admin-prod":"http:\\/\\/intranet\\/admin.php"}', '', 'es'),
(11, 'Default method when an image needs to be resized', 'center', 'center', 'es'),
(12, 'Jpeg default quality when generating thumbnails', '95', '95', 'es'),
(13, 'Links to other domain get automatically a _blank target', NULL, '0', 'es'),
(14, 'Links to current page are changed from <a> to <span>', '1', '1', 'es'),
(15, 'Add an automatic title on link based on the target page title', '1', '1', 'es'),
(16, 'Append something at the beginning of all pages title', NULL, '', 'es'),
(17, 'Append something at the end of all pages title', ' | Intranet', ' | Intranet', 'es'),
(18, 'When a page is not found, user is redirect to a similar page. The internal search index is used to find the best page for requested url.', '1', '1', 'es');

INSERT INTO dm_tag (id, name) VALUES
(6, 'admin'),
(2, 'cita'),
(4, 'evento'),
(1, 'importante'),
(5, 'privado'),
(3, 'reunion'),
(7, 'samper');

INSERT INTO dm_trans_unit (id, dm_catalogue_id, source, target, meta, created_at, updated_at) VALUES
(1, 2, 'Open', 'Abrir', NULL, '2010-06-09 17:30:16', '2010-06-09 17:30:16'),
(2, 2, 'Delete', 'Borrar', NULL, '2010-06-09 17:30:16', '2010-06-09 17:30:16'),
(3, 2, 'Add', 'Añadir', NULL, '2010-06-09 17:30:16', '2010-06-09 17:30:16'),
(4, 2, 'Add a %1%', 'Añadir un %1%', NULL, '2010-06-09 17:30:16', '2010-06-09 17:30:16'),
(5, 2, 'Cancel', 'Cancelar', NULL, '2010-06-09 17:30:16', '2010-06-09 17:30:16'),
(6, 2, 'Are you sure?', '¿Está seguro?', NULL, '2010-06-09 17:30:16', '2010-06-09 17:30:16'),
(7, 2, 'Unassociated', 'No Asociado', NULL, '2010-06-09 17:30:16', '2010-06-09 17:30:16'),
(8, 2, 'Associated', 'Asociado', NULL, '2010-06-09 17:30:16', '2010-06-09 17:30:16'),
(9, 2, 'Forgot your password?', '¿Olvidó su contraseña?', NULL, '2010-06-09 17:30:16', '2010-06-09 17:30:16'),
(10, 2, 'yes', 'sí', NULL, '2010-06-09 17:30:16', '2010-06-09 17:30:16'),
(11, 2, 'no', 'no', NULL, '2010-06-09 17:30:16', '2010-06-09 17:30:16'),
(12, 2, 'yes or no', 'sí o no', NULL, '2010-06-09 17:30:16', '2010-06-09 17:30:16'),
(13, 2, 'Next', 'Siguiente', NULL, '2010-06-09 17:30:16', '2010-06-09 17:30:16'),
(14, 2, 'Previous', 'Anterior', NULL, '2010-06-09 17:30:16', '2010-06-09 17:30:16'),
(15, 2, 'First', 'Primero', NULL, '2010-06-09 17:30:16', '2010-06-09 17:30:16'),
(16, 2, 'Last', 'Último', NULL, '2010-06-09 17:30:16', '2010-06-09 17:30:16'),
(17, 2, 'Is active', 'Está activo', NULL, '2010-06-09 17:30:16', '2010-06-09 17:30:16'),
(18, 2, 'Is active:', 'Está activo:', NULL, '2010-06-09 17:30:16', '2010-06-09 17:30:16'),
(19, 2, 'Updated at', 'Actualizado el', NULL, '2010-06-09 17:30:16', '2010-06-09 17:30:16'),
(20, 2, 'Updated at:', 'Actualizado el:', NULL, '2010-06-09 17:30:16', '2010-06-09 17:30:16'),
(21, 2, 'Created at', 'Creado el', NULL, '2010-06-09 17:30:16', '2010-06-09 17:30:16'),
(22, 2, 'Created at:', 'Creado el:', NULL, '2010-06-09 17:30:16', '2010-06-09 17:30:16'),
(23, 2, 'Created by', 'Creado por', NULL, '2010-06-09 17:30:16', '2010-06-09 17:30:16'),
(24, 2, 'Updated by', 'Actualizado por', NULL, '2010-06-09 17:30:16', '2010-06-09 17:30:16'),
(25, 2, 'Query', 'Consulta', NULL, '2010-06-09 17:30:16', '2010-06-09 17:30:16'),
(26, 2, 'Image alt', 'Texto de Imagen', NULL, '2010-06-09 17:30:16', '2010-06-09 17:30:16'),
(27, 2, 'Image alt:', 'Texto de Imagen:', NULL, '2010-06-09 17:30:16', '2010-06-09 17:30:16'),
(28, 2, 'Your modifications have been saved', 'Las modificaciones han sido guardadas', NULL, '2010-06-09 17:30:16', '2010-06-09 17:30:16'),
(29, 2, 'Required', 'Requerido', NULL, '2010-06-09 17:30:16', '2010-06-09 17:30:16'),
(30, 2, 'Content', 'Contenido', NULL, '2010-06-09 17:30:16', '2010-06-09 17:30:16'),
(31, 2, 'Home', 'Inicio', NULL, '2010-06-09 17:30:16', '2010-06-09 17:30:16'),
(32, 2, 'Tools', 'Herramientas', NULL, '2010-06-09 17:30:16', '2010-06-09 17:30:16'),
(33, 2, 'System', 'Sistema', NULL, '2010-06-09 17:30:16', '2010-06-09 17:30:16'),
(34, 2, 'Update project', 'Actualizar proyecto', NULL, '2010-06-09 17:30:16', '2010-06-09 17:30:16'),
(35, 2, 'Project successfully updated', 'Proyecto actualizado correctamente', NULL, '2010-06-09 17:30:16', '2010-06-09 17:30:16'),
(36, 2, 'Search', 'Búsqueda', NULL, '2010-06-09 17:30:16', '2010-06-09 17:30:16'),
(37, 2, 'Search in %1%', 'Buscar en %1%', NULL, '2010-06-09 17:30:16', '2010-06-09 17:30:16'),
(38, 2, 'Cancel search', 'Cancelar la búsqueda', NULL, '2010-06-09 17:30:16', '2010-06-09 17:30:16'),
(39, 2, 'Active search', 'Búsqueda activa', NULL, '2010-06-09 17:30:16', '2010-06-09 17:30:16'),
(40, 2, 'is empty', 'está vacído', NULL, '2010-06-09 17:30:16', '2010-06-09 17:30:16'),
(41, 2, 'from', 'desde', NULL, '2010-06-09 17:30:16', '2010-06-09 17:30:16'),
(42, 2, 'to', 'hasta', NULL, '2010-06-09 17:30:16', '2010-06-09 17:30:16'),
(43, 2, '[0] no result|[1] 1 result|(1,+Inf] %1% results', '[0] ningún resultado | [1] 1 resultado | (1,+Inf] %1% de resultados', NULL, '2010-06-09 17:30:16', '2010-06-09 17:30:16'),
(44, 2, 'Choose an action', 'Elegir una acción', NULL, '2010-06-09 17:30:16', '2010-06-09 17:30:16'),
(45, 2, 'Edit', 'Editar', NULL, '2010-06-09 17:30:16', '2010-06-09 17:30:16'),
(46, 2, 'New', 'Nuevo', NULL, '2010-06-09 17:30:16', '2010-06-09 17:30:16'),
(47, 2, 'You must at least select one item.', 'Debe elegir por lo menos un elemento.', NULL, '2010-06-09 17:30:16', '2010-06-09 17:30:16'),
(48, 2, 'Filter', 'Filtro', NULL, '2010-06-09 17:30:16', '2010-06-09 17:30:16'),
(49, 2, 'Reset', 'Resetear', NULL, '2010-06-09 17:30:16', '2010-06-09 17:30:16'),
(50, 2, 'Add a', 'Añadir uno', NULL, '2010-06-09 17:30:16', '2010-06-09 17:30:16'),
(51, 2, 'The item was updated successfully.', 'El elemento se ha actualizado con éxito.', NULL, '2010-06-09 17:30:16', '2010-06-09 17:30:16'),
(52, 2, 'The item has not been saved due to some errors.', 'El elemento no se ha guardado debido a algunos errores.', NULL, '2010-06-09 17:30:16', '2010-06-09 17:30:16'),
(53, 2, 'Invalid.', 'Inválido.', NULL, '2010-06-09 17:30:16', '2010-06-09 17:30:16'),
(54, 2, 'Required.', 'Obligatorio.', NULL, '2010-06-09 17:30:16', '2010-06-09 17:30:16'),
(55, 2, 'The item was updated successfully. You can add another one below.', 'El elemento se ha actualizado con éxito. Puede agregar otro debajo.', NULL, '2010-06-09 17:30:16', '2010-06-09 17:30:16'),
(56, 2, 'Translation', 'Traducción', NULL, '2010-06-09 17:30:16', '2010-06-09 17:30:16'),
(57, 2, 'Sentences', 'Frases', NULL, '2010-06-09 17:30:16', '2010-06-09 17:30:16'),
(58, 2, 'Loremize', 'Loremizar', NULL, '2010-06-09 17:30:16', '2010-06-09 17:30:16'),
(59, 2, 'does not match the date format', 'no coincide con el formato de fecha', NULL, '2010-06-09 17:30:16', '2010-06-09 17:30:16'),
(60, 2, 'The date must be before', 'La fecha debe ser anterior a', NULL, '2010-06-09 17:30:16', '2010-06-09 17:30:16'),
(61, 2, 'The date must be after', 'La fecha debe ser posterior a', NULL, '2010-06-09 17:30:16', '2010-06-09 17:30:16'),
(62, 2, '[0]no element|[1]1 element|(1,+Inf]%1% elements', '[0] no hay ningún elemento | [1] 1 elemento | (1,+Inf] %1% elementos', NULL, '2010-06-09 17:30:16', '2010-06-09 17:30:16'),
(63, 2, 'You must select an action to execute on the selected items.', 'Debe seleccionar una acción a ejecutar con los elementos seleccionados.', NULL, '2010-06-09 17:30:16', '2010-06-09 17:30:16'),
(64, 2, 'No result', 'Ningún resultado', NULL, '2010-06-09 17:30:16', '2010-06-09 17:30:16'),
(65, 2, 'The selected items have been deleted successfully.', 'Los elementos seleccionados se han eliminado con éxito.', NULL, '2010-06-09 17:30:16', '2010-06-09 17:30:16'),
(66, 2, 'The selected items have been modified successfully', 'Los elementos seleccionados se han modificado con éxito', NULL, '2010-06-09 17:30:16', '2010-06-09 17:30:16'),
(67, 2, 'A problem occurs when modifying the selected items', 'Han ocurrido problema(s) al  modificar los elementos seleccionados', NULL, '2010-06-09 17:30:16', '2010-06-09 17:30:16'),
(68, 2, 'Root', 'Raíz', NULL, '2010-06-09 17:30:16', '2010-06-09 17:30:16'),
(69, 2, 'Page not found', 'Página no encontrada', NULL, '2010-06-09 17:30:16', '2010-06-09 17:30:16'),
(70, 2, 'Media library', 'Librería de Medias', NULL, '2010-06-09 17:30:16', '2010-06-09 17:30:16'),
(71, 2, 'UML Model Diagram', 'Diagrama de modelos UML', NULL, '2010-06-09 17:30:16', '2010-06-09 17:30:16'),
(72, 2, 'The item was deleted successfully.', 'El elemento fue eliminado con éxito.', NULL, '2010-06-09 17:30:16', '2010-06-09 17:30:16'),
(73, 2, 'element', 'elemento', NULL, '2010-06-09 17:30:16', '2010-06-09 17:30:16'),
(74, 2, 'elements', 'elementos', NULL, '2010-06-09 17:30:16', '2010-06-09 17:30:16'),
(75, 2, 'Add a folder here', 'Añadir una carpeta aquí', NULL, '2010-06-09 17:30:16', '2010-06-09 17:30:16'),
(76, 2, 'Import from a zip', 'Importar desde un archivo ZIP', NULL, '2010-06-09 17:30:16', '2010-06-09 17:30:16'),
(77, 2, 'Add some files here', 'Añadir archivos aquí', NULL, '2010-06-09 17:30:16', '2010-06-09 17:30:16'),
(78, 2, 'Add a file here', 'Añadir archivo aquí', NULL, '2010-06-09 17:30:16', '2010-06-09 17:30:16'),
(79, 2, 'Clear cache', 'Borrar la caché', NULL, '2010-06-09 17:30:16', '2010-06-09 17:30:16'),
(80, 2, 'Clear media cache', 'Borrar caché de media', NULL, '2010-06-09 17:30:16', '2010-06-09 17:30:16'),
(81, 2, 'Name', 'Nombre', NULL, '2010-06-09 17:30:16', '2010-06-09 17:30:16'),
(82, 2, 'Rename this folder', 'Cambiar el nombre de esta carpeta', NULL, '2010-06-09 17:30:16', '2010-06-09 17:30:16'),
(83, 2, 'Move this folder', 'Mover esta carpeta', NULL, '2010-06-09 17:30:16', '2010-06-09 17:30:16'),
(84, 2, 'Delete this folder', 'Eliminar esta carpeta', NULL, '2010-06-09 17:30:16', '2010-06-09 17:30:16'),
(85, 2, 'Already exists in this folder', 'Ya existe en esta carpeta', NULL, '2010-06-09 17:30:16', '2010-06-09 17:30:16'),
(86, 2, 'This is a bad name', 'Nombre incorrecto', NULL, '2010-06-09 17:30:16', '2010-06-09 17:30:16'),
(87, 2, 'File', 'Archivo', NULL, '2010-06-09 17:30:16', '2010-06-09 17:30:16'),
(88, 2, 'Thumbnails can not be created in %1%', 'No se pueden crear thumbnails en %1%', NULL, '2010-06-09 17:30:16', '2010-06-09 17:30:16'),
(89, 2, 'Folder %1% is not writable', 'La carpeta %1% no tiene permisos de escritura', NULL, '2010-06-09 17:30:16', '2010-06-09 17:30:16'),
(90, 2, 'File %1% is not writable', 'El archivo %1% no tiene permisos de escritura', NULL, '2010-06-09 17:30:16', '2010-06-09 17:30:16'),
(91, 2, 'This folder is not writable', 'Esta carpeta no tiene permisos de escritura', NULL, '2010-06-09 17:30:16', '2010-06-09 17:30:16'),
(92, 2, 'This file is not writable', 'Este archivo no tiene permisos de escritura', NULL, '2010-06-09 17:30:16', '2010-06-09 17:30:16'),
(93, 2, 'Size', 'Tamaño', NULL, '2010-06-09 17:30:16', '2010-06-09 17:30:16'),
(94, 2, 'Legend', 'Leyenda', NULL, '2010-06-09 17:30:16', '2010-06-09 17:30:16'),
(95, 2, 'Author', 'Autor', NULL, '2010-06-09 17:30:16', '2010-06-09 17:30:16'),
(96, 2, 'License', 'Licencia', NULL, '2010-06-09 17:30:16', '2010-06-09 17:30:16'),
(97, 2, 'Validate', 'Validar', NULL, '2010-06-09 17:30:16', '2010-06-09 17:30:16'),
(98, 2, 'Save', 'Guardar', NULL, '2010-06-09 17:30:16', '2010-06-09 17:30:16'),
(99, 2, 'Save and Add', 'Guardar y añadir', NULL, '2010-06-09 17:30:16', '2010-06-09 17:30:16'),
(100, 2, 'Save and Next', 'Guardar y Siguiente', NULL, '2010-06-09 17:30:16', '2010-06-09 17:30:16'),
(101, 2, 'Save and Back to list', 'Guardar y volver a la lista', NULL, '2010-06-09 17:30:16', '2010-06-09 17:30:16'),
(102, 2, 'Save modifications', 'Guardar modificaciones', NULL, '2010-06-09 17:30:16', '2010-06-09 17:30:16'),
(103, 2, 'Delete this file', 'Eliminar este archivo', NULL, '2010-06-09 17:30:16', '2010-06-09 17:30:16'),
(104, 2, 'Close', 'Cerrar', NULL, '2010-06-09 17:30:16', '2010-06-09 17:30:16'),
(105, 2, 'Delete this %1%', 'Eliminar este %1%', NULL, '2010-06-09 17:30:16', '2010-06-09 17:30:16'),
(106, 2, 'Delete this page', 'Borrar esta página', NULL, '2010-06-09 17:30:16', '2010-06-09 17:30:16'),
(107, 2, 'Active', 'Activo', NULL, '2010-06-09 17:30:16', '2010-06-09 17:30:16'),
(108, 2, 'Referers', 'Referentes', NULL, '2010-06-09 17:30:16', '2010-06-09 17:30:16'),
(109, 2, 'Administration login', 'Login de administración', NULL, '2010-06-09 17:30:16', '2010-06-09 17:30:16'),
(110, 2, 'Login', 'Iniciar sesión', NULL, '2010-06-09 17:30:16', '2010-06-09 17:30:16'),
(111, 2, 'Username', 'Nombre de usuario', NULL, '2010-06-09 17:30:16', '2010-06-09 17:30:16'),
(112, 2, 'Password', 'Contraseña', NULL, '2010-06-09 17:30:16', '2010-06-09 17:30:16'),
(113, 2, 'Password (again)', 'Contraseña (otra vez)', NULL, '2010-06-09 17:30:16', '2010-06-09 17:30:16'),
(114, 2, 'Remember', 'Recordar', NULL, '2010-06-09 17:30:16', '2010-06-09 17:30:16'),
(115, 2, 'The username and/or password is invalid.', 'El nombre de usuario y/o la contraseña no es válida.', NULL, '2010-06-09 17:30:16', '2010-06-09 17:30:16'),
(116, 2, 'Profiles', 'Perfiles', NULL, '2010-06-09 17:30:16', '2010-06-09 17:30:16'),
(117, 2, 'Profile', 'Perfil', NULL, '2010-06-09 17:30:16', '2010-06-09 17:30:16'),
(118, 2, 'User', 'Usuario', NULL, '2010-06-09 17:30:16', '2010-06-09 17:30:16'),
(119, 2, 'Users', 'Usuarios', NULL, '2010-06-09 17:30:16', '2010-06-09 17:30:16'),
(120, 2, 'Metas', 'Metas', NULL, '2010-06-09 17:30:16', '2010-06-09 17:30:16'),
(121, 2, 'Automatic Page', 'Página automática', NULL, '2010-06-09 17:30:16', '2010-06-09 17:30:16'),
(122, 2, 'Automatic Pages', 'Páginas automática', NULL, '2010-06-09 17:30:16', '2010-06-09 17:30:16'),
(123, 2, 'Site tree', 'Árbol de la web', NULL, '2010-06-09 17:30:16', '2010-06-09 17:30:16'),
(124, 2, 'Some SEO improvements should be applied', 'Se deberían aplicar algunas mejoras SEO', NULL, '2010-06-09 17:30:16', '2010-06-09 17:30:16'),
(125, 2, 'Some page have the same url', 'Algunas páginas tienen la misma URL', NULL, '2010-06-09 17:30:16', '2010-06-09 17:30:16'),
(126, 2, 'Click here to see them', 'Haga clic aquí para verlos', NULL, '2010-06-09 17:30:16', '2010-06-09 17:30:16'),
(127, 2, 'Seo improvements', 'Mejoras Seo', NULL, '2010-06-09 17:30:16', '2010-06-09 17:30:16'),
(128, 2, 'Duplicated %1%', 'Duplicado %1%', NULL, '2010-06-09 17:30:16', '2010-06-09 17:30:16'),
(129, 2, 'Automatic page', 'P', NULL, '2010-06-09 17:30:16', '2010-06-09 17:30:16'),
(130, 2, 'Manual page', 'Página manual', NULL, '2010-06-09 17:30:16', '2010-06-09 17:30:16'),
(131, 2, 'Modify object', 'Modificar objeto', NULL, '2010-06-09 17:30:16', '2010-06-09 17:30:16'),
(132, 2, 'Configure automatic seo for %1% pages', 'Configurar seo automático para %1% páginas', NULL, '2010-06-09 17:30:16', '2010-06-09 17:30:16'),
(133, 2, 'View page on website', 'Ver página en el sitio web', NULL, '2010-06-09 17:30:16', '2010-06-09 17:30:16'),
(134, 2, 'Edit image', 'Editar imagen', NULL, '2010-06-09 17:30:16', '2010-06-09 17:30:16'),
(135, 2, 'Loading...', 'Cargando ...', NULL, '2010-06-09 17:30:16', '2010-06-09 17:30:16'),
(136, 2, 'Preview', 'Previsualización', NULL, '2010-06-09 17:30:16', '2010-06-09 17:30:16'),
(137, 2, 'Back to list', 'Volver a la lista', NULL, '2010-06-09 17:30:16', '2010-06-09 17:30:16'),
(138, 2, 'Back to %1% list', 'Volver a la lista %1%', NULL, '2010-06-09 17:30:16', '2010-06-09 17:30:16'),
(139, 2, 'The form submission cannot be processed. It probably means that you have uploaded a file that is too big.', 'El envío del formulario no puede ser procesado. Probablemente significa que ha subido un archivo que es demasiado grande.', NULL, '2010-06-09 17:30:16', '2010-06-09 17:30:16'),
(140, 2, 'A problem occurs when deleting the selected items.', 'Se produce un problema al eliminar los elementos seleccionados.', NULL, '2010-06-09 17:30:16', '2010-06-09 17:30:16'),
(141, 2, 'elements per page', 'elementos por página', NULL, '2010-06-09 17:30:16', '2010-06-09 17:30:16'),
(142, 2, 'Sort', 'Ordenar', NULL, '2010-06-09 17:30:16', '2010-06-09 17:30:16'),
(143, 2, 'Sort %1%', 'Ordenar %1%', NULL, '2010-06-09 17:30:16', '2010-06-09 17:30:16'),
(144, 2, 'Sort %1% for %2%', 'Ordenar %1% para %2%', NULL, '2010-06-09 17:30:16', '2010-06-09 17:30:16'),
(145, 2, 'Drag & drop elements, then', 'Arrastre y suelte los elementos, ahí', NULL, '2010-06-09 17:30:16', '2010-06-09 17:30:16'),
(146, 2, 'A problem occured when sorting the items', 'Ocurrió un problema al ordenar los elementos', NULL, '2010-06-09 17:30:16', '2010-06-09 17:30:16'),
(147, 2, 'The items have been sorted successfully', 'Los ítemes han sido ordenados con éxito', NULL, '2010-06-09 17:30:16', '2010-06-09 17:30:16'),
(148, 2, 'Add a zone', 'Agregar a la zona', NULL, '2010-06-09 17:30:16', '2010-06-09 17:30:16'),
(149, 2, 'Add a widget', 'Añadir un widget', NULL, '2010-06-09 17:30:16', '2010-06-09 17:30:16'),
(150, 2, 'Go to site', 'Ir al sitio', NULL, '2010-06-09 17:30:16', '2010-06-09 17:30:16'),
(151, 2, 'You don''t have the required permission to access this page.', 'Usted no tiene el permiso necesario para acceder a esta página.', NULL, '2010-06-09 17:30:16', '2010-06-09 17:30:16'),
(152, 2, 'Edit this zone', 'Editar esta zona', NULL, '2010-06-09 17:30:16', '2010-06-09 17:30:16'),
(153, 2, 'Delete this zone', 'Eliminar esta zona', NULL, '2010-06-09 17:30:16', '2010-06-09 17:30:16'),
(154, 2, 'CSS class', 'Clase CSS', NULL, '2010-06-09 17:30:16', '2010-06-09 17:30:16'),
(155, 2, 'Width', 'Ancho', NULL, '2010-06-09 17:30:16', '2010-06-09 17:30:16'),
(156, 2, 'Height', 'Alto', NULL, '2010-06-09 17:30:16', '2010-06-09 17:30:16'),
(157, 2, 'Edit this %1%', 'Editar %1%', NULL, '2010-06-09 17:30:16', '2010-06-09 17:30:16'),
(158, 2, 'Delete this widget', 'Eliminar este widget', NULL, '2010-06-09 17:30:16', '2010-06-09 17:30:16'),
(159, 2, 'Title', 'Título', NULL, '2010-06-09 17:30:16', '2010-06-09 17:30:16'),
(160, 2, 'Link', 'Vínculo', NULL, '2010-06-09 17:30:16', '2010-06-09 17:30:16'),
(161, 2, 'Text', 'Texto', NULL, '2010-06-09 17:30:16', '2010-06-09 17:30:16'),
(162, 2, 'Advanced', 'Avanzado', NULL, '2010-06-09 17:30:16', '2010-06-09 17:30:16'),
(163, 2, 'Bread crumb', 'Bread crumb', NULL, '2010-06-09 17:30:16', '2010-06-09 17:30:16'),
(164, 2, 'Search form', 'Formulario de búsqueda', NULL, '2010-06-09 17:30:16', '2010-06-09 17:30:16'),
(165, 2, 'Search results', 'Resultados de la búsqueda', NULL, '2010-06-09 17:30:16', '2010-06-09 17:30:16'),
(166, 2, 'Go to content', 'Ir al contenido', NULL, '2010-06-09 17:30:16', '2010-06-09 17:30:16'),
(167, 2, 'New widget', 'Nuevo widget', NULL, '2010-06-09 17:30:16', '2010-06-09 17:30:16'),
(168, 2, 'Use media', 'Usar medio', NULL, '2010-06-09 17:30:16', '2010-06-09 17:30:16'),
(169, 2, 'Or upload a file', 'O suba un archivo', NULL, '2010-06-09 17:30:16', '2010-06-09 17:30:16'),
(170, 2, 'Drag & drop a media here', 'Arrastre y suelte un medio aquí', NULL, '2010-06-09 17:30:16', '2010-06-09 17:30:16'),
(171, 2, 'Media', 'Medio', NULL, '2010-06-09 17:30:16', '2010-06-09 17:30:16'),
(172, 2, 'You must use a media or upload a file', 'Debe utilizar un medio o cargar un archivo', NULL, '2010-06-09 17:30:16', '2010-06-09 17:30:16'),
(173, 2, 'Try', 'Intentar', NULL, '2010-06-09 17:30:16', '2010-06-09 17:30:16'),
(174, 2, 'Change file', 'Cambiar el archivo', NULL, '2010-06-09 17:30:16', '2010-06-09 17:30:16'),
(175, 2, 'Method', 'Método', NULL, '2010-06-09 17:30:16', '2010-06-09 17:30:16'),
(176, 2, 'Center', 'Centro', NULL, '2010-06-09 17:30:16', '2010-06-09 17:30:16'),
(177, 2, 'Scale', 'Escala', NULL, '2010-06-09 17:30:16', '2010-06-09 17:30:16'),
(178, 2, 'Inflate', 'Inflar', NULL, '2010-06-09 17:30:16', '2010-06-09 17:30:16'),
(179, 2, 'Fit', 'Ajustar', NULL, '2010-06-09 17:30:16', '2010-06-09 17:30:16'),
(180, 2, 'Save and close', 'Guardar y cerrar', NULL, '2010-06-09 17:30:16', '2010-06-09 17:30:16'),
(181, 2, 'This size is not valid.', 'Este tamaño no es válida.', NULL, '2010-06-09 17:30:16', '2010-06-09 17:30:16'),
(182, 2, 'This color is not valid.', 'Este color no es válido.', NULL, '2010-06-09 17:30:16', '2010-06-09 17:30:16'),
(183, 2, 'Per page', 'Por página', NULL, '2010-06-09 17:30:16', '2010-06-09 17:30:16'),
(184, 2, 'First page', 'Primera página', NULL, '2010-06-09 17:30:16', '2010-06-09 17:30:16'),
(185, 2, 'Previous page', 'Página Anterior', NULL, '2010-06-09 17:30:16', '2010-06-09 17:30:16'),
(186, 2, 'Next page', 'Página siguiente', NULL, '2010-06-09 17:30:16', '2010-06-09 17:30:16'),
(187, 2, 'Last page', 'Última página', NULL, '2010-06-09 17:30:16', '2010-06-09 17:30:16'),
(188, 2, 'Top', 'Superior', NULL, '2010-06-09 17:30:16', '2010-06-09 17:30:16'),
(189, 2, 'Bottom', 'Inferior', NULL, '2010-06-09 17:30:16', '2010-06-09 17:30:16'),
(190, 2, 'View', 'Ver', NULL, '2010-06-09 17:30:16', '2010-06-09 17:30:16'),
(191, 2, 'Order by', 'Ordenar por', NULL, '2010-06-09 17:30:16', '2010-06-09 17:30:16'),
(192, 2, 'Random', 'Aleatoriamente', NULL, '2010-06-09 17:30:16', '2010-06-09 17:30:16'),
(193, 2, 'automatic', 'automático', NULL, '2010-06-09 17:30:16', '2010-06-09 17:30:16'),
(194, 2, 'Add new page', 'Añadir página', NULL, '2010-06-09 17:30:16', '2010-06-09 17:30:16'),
(195, 2, 'Seo', 'Seo', NULL, '2010-06-09 17:30:16', '2010-06-09 17:30:16'),
(196, 2, 'Integration', 'Integración', NULL, '2010-06-09 17:30:16', '2010-06-09 17:30:16'),
(197, 2, 'Edit page', 'Editar página', NULL, '2010-06-09 17:30:16', '2010-06-09 17:30:16'),
(198, 2, 'Logout', 'Cerrar sesión', NULL, '2010-06-09 17:30:16', '2010-06-09 17:30:16'),
(199, 2, 'Export in %1%', 'Exportar en %1%', NULL, '2010-06-09 17:30:16', '2010-06-09 17:30:16'),
(200, 2, 'Available', 'Disponible', NULL, '2010-06-09 17:30:16', '2010-06-09 17:30:16'),
(201, 2, 'Requires authentication', 'Requiere autentificación', NULL, '2010-06-09 17:30:16', '2010-06-09 17:30:16'),
(202, 2, 'Search engine crawlers', 'Rastreadores de motores de búsqueda', NULL, '2010-06-09 17:30:16', '2010-06-09 17:30:16'),
(203, 2, 'Show page structure', 'Mostrar página (sale de modo de edición)', NULL, '2010-06-09 17:30:16', '2010-06-09 17:30:16'),
(204, 2, 'Generate sitemap', 'Generar el mapa del sitio', NULL, '2010-06-09 17:30:16', '2010-06-09 17:30:16'),
(205, 2, 'Links', 'Enlaces', NULL, '2010-06-09 17:30:16', '2010-06-09 17:30:16'),
(206, 2, 'Act on selection', 'Actuar al seleccionar', NULL, '2010-06-09 17:30:16', '2010-06-09 17:30:16'),
(207, 2, 'Activate', 'Activar', NULL, '2010-06-09 17:30:16', '2010-06-09 17:30:16'),
(208, 2, 'Deactivate', 'Desactivar', NULL, '2010-06-09 17:30:16', '2010-06-09 17:30:16'),
(209, 2, 'Remove', 'Eliminar', NULL, '2010-06-09 17:30:16', '2010-06-09 17:30:16'),
(210, 2, 'Sorry, but you can not access administration with your current browser', 'Lo sentimos, pero no se puede acceder a la administración con su navegador actual', NULL, '2010-06-09 17:30:16', '2010-06-09 17:30:16'),
(211, 2, 'Select all', 'Seleccionar todos', NULL, '2010-06-09 17:30:16', '2010-06-09 17:30:16'),
(212, 2, 'Unselect all', 'Deseleccionar todos', NULL, '2010-06-09 17:30:16', '2010-06-09 17:30:16'),
(213, 2, 'Configuration panel', 'Panel de configuración', NULL, '2010-06-09 17:30:16', '2010-06-09 17:30:16'),
(214, 2, 'This is not a valid hexadecimal color', 'Este no es un color hexadecimal válido', NULL, '2010-06-09 17:30:16', '2010-06-09 17:30:16'),
(215, 2, '%1% - %2% of %3%', ' %1% - %2% en %3%', NULL, '2010-06-09 17:30:16', '2010-06-09 17:30:16'),
(216, 2, 'Display', 'Mostrar', NULL, '2010-06-09 17:30:16', '2010-06-09 17:30:16'),
(217, 2, 'User logged in', 'Usuario conectado', NULL, '2010-06-09 17:30:16', '2010-06-09 17:30:16'),
(218, 2, 'User logged out', 'Usuario se desconectó', NULL, '2010-06-09 17:30:16', '2010-06-09 17:30:16'),
(219, 2, 'Cache cleared', 'Cache vaciado', NULL, '2010-06-09 17:30:16', '2010-06-09 17:30:16'),
(220, 2, 'This Week', 'Esta Semana', NULL, '2010-06-09 17:30:16', '2010-06-09 17:30:16'),
(221, 2, 'This Year', 'Este Año', NULL, '2010-06-09 17:30:16', '2010-06-09 17:30:16'),
(222, 2, 'Activity', 'Actividad', NULL, '2010-06-09 17:30:16', '2010-06-09 17:30:16'),
(223, 2, 'Server', 'Servidor', NULL, '2010-06-09 17:30:16', '2010-06-09 17:30:16'),
(224, 2, 'Browser', 'Navegador', NULL, '2010-06-09 17:30:16', '2010-06-09 17:30:16'),
(225, 2, 'Browsers', 'Navegadores', NULL, '2010-06-09 17:30:16', '2010-06-09 17:30:16'),
(226, 2, 'Location', 'Ubicación', NULL, '2010-06-09 17:30:16', '2010-06-09 17:30:16'),
(227, 2, 'Events', 'Eventos', NULL, '2010-06-09 17:30:16', '2010-06-09 17:30:16'),
(228, 2, 'Requests', 'Petición', NULL, '2010-06-09 17:30:16', '2010-06-09 17:30:16'),
(229, 2, 'Subject', 'Sujeto', NULL, '2010-06-09 17:30:16', '2010-06-09 17:30:16'),
(230, 2, 'Expanded view', 'Vista expandida', NULL, '2010-06-09 17:30:16', '2010-06-09 17:30:16'),
(231, 2, 'Show', 'Mostrar', NULL, '2010-06-09 17:30:16', '2010-06-09 17:30:16'),
(232, 2, 'Gallery', 'Galería', NULL, '2010-06-09 17:30:16', '2010-06-09 17:30:16'),
(233, 2, 'Edit medias', 'Editar medios', NULL, '2010-06-09 17:30:16', '2010-06-09 17:30:16'),
(234, 2, 'Remove this media', 'Eliminar este medio', NULL, '2010-06-09 17:30:16', '2010-06-09 17:30:16'),
(235, 2, 'Preferences', 'Preferencias', NULL, '2010-06-09 17:30:16', '2010-06-09 17:30:16'),
(236, 2, 'Mail templates', 'Plantillas de correo', NULL, '2010-06-09 17:30:16', '2010-06-09 17:30:16'),
(237, 2, 'Layouts', 'Diseños', NULL, '2010-06-09 17:30:16', '2010-06-09 17:30:16'),
(238, 2, 'Zone', 'Zona', NULL, '2010-06-09 17:30:16', '2010-06-09 17:30:16'),
(239, 2, 'Navigation', 'Navegación', NULL, '2010-06-09 17:30:16', '2010-06-09 17:30:16'),
(240, 2, 'Configuration', 'Configuración', NULL, '2010-06-09 17:30:16', '2010-06-09 17:30:16'),
(241, 2, 'Chart', 'Gráfico', NULL, '2010-06-09 17:30:16', '2010-06-09 17:30:16'),
(242, 2, 'Log', 'Registro', NULL, '2010-06-09 17:30:16', '2010-06-09 17:30:16'),
(243, 2, 'Monitoring', 'Monitoreo', NULL, '2010-06-09 17:30:16', '2010-06-09 17:30:16'),
(244, 2, 'Manage index', 'Manejar índice', NULL, '2010-06-09 17:30:16', '2010-06-09 17:30:16'),
(245, 2, 'Search engine', 'Motor de búsqueda', NULL, '2010-06-09 17:30:16', '2010-06-09 17:30:16'),
(246, 2, 'Google analytics', 'Google analytics', NULL, '2010-06-09 17:30:16', '2010-06-09 17:30:16'),
(247, 2, 'Google webmaster tools', 'Herramientas para webmasters de Google', NULL, '2010-06-09 17:30:16', '2010-06-09 17:30:16'),
(248, 2, 'Services', 'Servicios', NULL, '2010-06-09 17:30:16', '2010-06-09 17:30:16'),
(249, 2, 'Sitemap', 'Mapa del sitio', NULL, '2010-06-09 17:30:16', '2010-06-09 17:30:16'),
(250, 2, 'Url Redirections', 'Redirecciones Url', NULL, '2010-06-09 17:30:16', '2010-06-09 17:30:16'),
(251, 2, 'Redirections', 'Redirecciones', NULL, '2010-06-09 17:30:16', '2010-06-09 17:30:16'),
(252, 2, 'Settings', 'Configuraciones', NULL, '2010-06-09 17:30:16', '2010-06-09 17:30:16'),
(253, 2, 'Sent mails', 'Correos electronicos enviados', NULL, '2010-06-09 17:30:16', '2010-06-09 17:30:16'),
(254, 2, 'Errors', 'Errores', NULL, '2010-06-09 17:30:16', '2010-06-09 17:30:16'),
(255, 2, 'Permissions', 'Permisos', NULL, '2010-06-09 17:30:16', '2010-06-09 17:30:16'),
(256, 2, 'Groups', 'Grupos', NULL, '2010-06-09 17:30:16', '2010-06-09 17:30:16'),
(257, 2, 'Security', 'Seguridad', NULL, '2010-06-09 17:30:16', '2010-06-09 17:30:16'),
(258, 2, 'See diagrams', 'Ver diagramas', NULL, '2010-06-09 17:30:16', '2010-06-09 17:30:16'),
(259, 2, 'Code Editor', 'Editor de código', NULL, '2010-06-09 17:30:16', '2010-06-09 17:30:16'),
(260, 2, 'Diem Console', 'Consola Diem', NULL, '2010-06-09 17:30:16', '2010-06-09 17:30:16'),
(261, 2, 'Dev', 'Desarrollo', NULL, '2010-06-09 17:30:16', '2010-06-09 17:30:16'),
(262, 2, 'Exception', 'Excepción', NULL, '2010-06-09 17:30:16', '2010-06-09 17:30:16'),
(263, 2, 'Cache', 'Caché', NULL, '2010-06-09 17:30:16', '2010-06-09 17:30:16'),
(264, 2, 'This chart is not available.', 'Este gráfico no está disponible.', NULL, '2010-06-09 17:30:16', '2010-06-09 17:30:16'),
(265, 2, 'Dm gallery', 'Galería Diem', NULL, '2010-06-09 17:30:16', '2010-06-09 17:30:16'),
(266, 2, 'Email', 'Correo electrónico', NULL, '2010-06-09 17:30:16', '2010-06-09 17:30:16'),
(267, 2, 'Last login', 'Última entrada', NULL, '2010-06-09 17:30:16', '2010-06-09 17:30:16'),
(268, 2, 'Visible', 'Visible', NULL, '2010-06-09 17:30:16', '2010-06-09 17:30:16'),
(269, 2, 'External services', 'Servicios externos', NULL, '2010-06-09 17:30:16', '2010-06-09 17:30:16'),
(270, 2, 'Interface', 'Interfaz', NULL, '2010-06-09 17:30:16', '2010-06-09 17:30:16'),
(271, 2, 'Site', 'Sitio', NULL, '2010-06-09 17:30:16', '2010-06-09 17:30:16'),
(272, 2, 'Tracking', 'Rastreo', NULL, '2010-06-09 17:30:16', '2010-06-09 17:30:16'),
(273, 2, 'Right', 'Derecho', NULL, '2010-06-09 17:30:16', '2010-06-09 17:30:16'),
(274, 2, 'Left', 'Izquierdo', NULL, '2010-06-09 17:30:16', '2010-06-09 17:30:16'),
(275, 2, 'Image resize method', 'Método para redimensionar', NULL, '2010-06-09 17:30:16', '2010-06-09 17:30:16'),
(276, 2, 'Default method when an image needs to be resized', 'Método por defecto cuando una imagen necesita ser redimensionada', NULL, '2010-06-09 17:30:16', '2010-06-09 17:30:16'),
(277, 2, 'Image resize quality', 'Calidad de imagen al redimensionar', NULL, '2010-06-09 17:30:16', '2010-06-09 17:30:16'),
(278, 2, 'Jpeg default quality when generating thumbnails', 'Calidad Jpeg  por defecto al generar thumbnails', NULL, '2010-06-09 17:30:16', '2010-06-09 17:30:16'),
(279, 2, 'Link external blank', 'Enlace externo en blanco', NULL, '2010-06-09 17:30:16', '2010-06-09 17:30:16'),
(280, 2, 'Links to other domain get automatically a _blank target', 'Enlaces a otro dominio automáticamente reciben un blanco _blank', NULL, '2010-06-09 17:30:16', '2010-06-09 17:30:16'),
(281, 2, 'Link current span', 'Enlace a span actual', NULL, '2010-06-09 17:30:16', '2010-06-09 17:30:16'),
(282, 2, 'Links to current page are changed from <a> to <span>', 'Enlaces a la página actual se cambian de <a> a <span>', NULL, '2010-06-09 17:30:16', '2010-06-09 17:30:16'),
(283, 2, 'Link use page title', 'Enlace usa título de página', NULL, '2010-06-09 17:30:16', '2010-06-09 17:30:16'),
(284, 2, 'Add an automatic title on link based on the target page title', 'Agregar título automático a enlace basado en el título de la página de destino', NULL, '2010-06-09 17:30:16', '2010-06-09 17:30:16'),
(285, 2, 'Search stop words', 'Stop words de la búsqueda', NULL, '2010-06-09 17:30:16', '2010-06-09 17:30:16'),
(286, 2, 'Words to exclude from searches (e.g. the, a, to )', 'Palabras para excluir de las búsquedas (por ejemplo, la, a, de)', NULL, '2010-06-09 17:30:16', '2010-06-09 17:30:16'),
(287, 2, 'Title prefix', 'Prefijo Título', NULL, '2010-06-09 17:30:16', '2010-06-09 17:30:16'),
(288, 2, 'Append something at the beginning of all pages title', 'Añadir algo al principio de todos los títulos de páginas', NULL, '2010-06-09 17:30:16', '2010-06-09 17:30:16'),
(289, 2, 'Title suffix', 'Sufijo de título', NULL, '2010-06-09 17:30:16', '2010-06-09 17:30:16'),
(290, 2, 'Append something at the end of all pages title', 'Añadir algo al final de todos los títulos de páginas', NULL, '2010-06-09 17:30:16', '2010-06-09 17:30:16'),
(291, 2, 'Smart 404', '404 inteligente', NULL, '2010-06-09 17:30:16', '2010-06-09 17:30:16'),
(292, 2, 'When a page is not found, user is redirect to a similar page. The internal search index is used to find the best page for requested url.', 'Cuando no se encuentre una página, el usuario es redireccionado a una página similar. Se usa el índice de búsqueda interno para encontrar la página más adecuada para la url pedida.', NULL, '2010-06-09 17:30:16', '2010-06-09 17:30:16'),
(293, 2, 'Site name', 'Nombre del sitio', NULL, '2010-06-09 17:30:16', '2010-06-09 17:30:16'),
(294, 2, 'The site name', 'El nombre del sitio', NULL, '2010-06-09 17:30:16', '2010-06-09 17:30:16'),
(295, 2, 'Site active', 'Site activo', NULL, '2010-06-09 17:30:16', '2010-06-09 17:30:16'),
(296, 2, 'Is the site ready for visitors ?', '¿Está listo el site para los visitantes?', NULL, '2010-06-09 17:30:16', '2010-06-09 17:30:16'),
(297, 2, 'Site indexable', 'Site indexable', NULL, '2010-06-09 17:30:16', '2010-06-09 17:30:16'),
(298, 2, 'Is the site ready for search engine crawlers ?', '¿Está listo el site para los rastreadores de motores de búsqueda?', NULL, '2010-06-09 17:30:16', '2010-06-09 17:30:16'),
(299, 2, 'Site working copy', 'Copia de trabajo del site', NULL, '2010-06-09 17:30:16', '2010-06-09 17:30:16'),
(300, 2, 'Is this site the current working copy ?', '¿Es este site la copia de trabajo actual?', NULL, '2010-06-09 17:30:16', '2010-06-09 17:30:16'),
(301, 2, 'Ga key', 'Clave Ga', NULL, '2010-06-09 17:30:16', '2010-06-09 17:30:16'),
(302, 2, 'The google analytics key without javascript stuff ( e.g. UA-9876614-1 )', 'La clave de Google Analytics sin javascript (por ejemplo, UA-9876614-1)', NULL, '2010-06-09 17:30:16', '2010-06-09 17:30:16'),
(303, 2, 'Gwt key', 'Clave Gwt', NULL, '2010-06-09 17:30:16', '2010-06-09 17:30:16'),
(304, 2, 'The google webmaster tools filename without google and .html ( e.g. a913b555ba9b4f13 )', 'El nombre de archivo de las herramientas para webmasters de Google sin Google y. Html (por ejemplo, a913b555ba9b4f13)', NULL, '2010-06-09 17:30:16', '2010-06-09 17:30:16'),
(305, 2, 'Xiti code', 'Código Xiti', NULL, '2010-06-09 17:30:16', '2010-06-09 17:30:16'),
(306, 2, 'The xiti html code', 'El código html xiti', NULL, '2010-06-09 17:30:16', '2010-06-09 17:30:16'),
(307, 2, 'Ga email', 'Correo electrónico Ga', NULL, '2010-06-09 17:30:16', '2010-06-09 17:30:16'),
(308, 2, 'Required to display google analytics data into Diem', 'Necesario para mostrar los datos en Google Analytics de Diem', NULL, '2010-06-09 17:30:16', '2010-06-09 17:30:16'),
(309, 2, 'Ga password', 'Contraseña Ga', NULL, '2010-06-09 17:30:16', '2010-06-09 17:30:16'),
(310, 2, 'Diem mail support is <strong>-NOT-</strong> completed. Please use the symfony 1.4 mail service instead', 'El soporte para correo electrónico de DIEM <strong>no está terminado</strong>. Por favor use el servicio de correo de Symfony 1.4', NULL, '2010-06-09 17:30:16', '2010-06-09 17:30:16'),
(311, 2, 'Duplicate', 'Duplicado', NULL, '2010-06-09 17:30:16', '2010-06-09 17:30:16'),
(312, 2, 'Source', 'Fuente', NULL, '2010-06-09 17:30:16', '2010-06-09 17:30:16'),
(313, 2, 'Target', 'Meta', NULL, '2010-06-09 17:30:16', '2010-06-09 17:30:16'),
(314, 2, 'Dm catalogue', 'Catálogo de Dm', NULL, '2010-06-09 17:30:16', '2010-06-09 17:30:16'),
(315, 2, 'Meta', 'Meta', NULL, '2010-06-09 17:30:16', '2010-06-09 17:30:16'),
(316, 2, 'Menu', 'Menú', NULL, '2010-06-09 17:30:16', '2010-06-09 17:30:16'),
(317, 2, 'Internal search engine', 'Motor de búsqueda interno', NULL, '2010-06-09 17:30:16', '2010-06-09 17:30:16'),
(318, 2, 'Reload index', 'Actualizar índice', NULL, '2010-06-09 17:30:16', '2010-06-09 17:30:16'),
(319, 2, 'Configure Google Analytics', 'Configurar Google Analytics', NULL, '2010-06-09 17:30:16', '2010-06-09 17:30:16'),
(320, 2, 'Configure Google Webmaster Tools', 'Configurar Google Webmaster Tools', NULL, '2010-06-09 17:30:16', '2010-06-09 17:30:16'),
(321, 2, 'Position', 'Posición', NULL, '2010-06-09 17:30:16', '2010-06-09 17:30:16'),
(322, 2, 'Urls', 'URL', NULL, '2010-06-09 17:30:16', '2010-06-09 17:30:16'),
(323, 2, 'Old url', 'Url antigua', NULL, '2010-06-09 17:30:16', '2010-06-09 17:30:16'),
(324, 2, 'New url', 'Nueva url', NULL, '2010-06-09 17:30:16', '2010-06-09 17:30:16'),
(325, 2, 'Group', 'Grupo', NULL, '2010-06-09 17:30:16', '2010-06-09 17:30:16'),
(326, 2, 'Value', 'Valor', NULL, '2010-06-09 17:30:16', '2010-06-09 17:30:16'),
(327, 2, 'Credentials', 'Credenciales', NULL, '2010-06-09 17:30:16', '2010-06-09 17:30:16'),
(328, 2, 'Class', 'Clase', NULL, '2010-06-09 17:30:16', '2010-06-09 17:30:16'),
(329, 2, 'Module', 'Módulo', NULL, '2010-06-09 17:30:16', '2010-06-09 17:30:16'),
(330, 2, 'Action', 'Acción', NULL, '2010-06-09 17:30:16', '2010-06-09 17:30:16'),
(331, 2, 'Uri', 'URI', NULL, '2010-06-09 17:30:16', '2010-06-09 17:30:16'),
(332, 2, 'Env', 'Desarrollo', NULL, '2010-06-09 17:30:16', '2010-06-09 17:30:16'),
(333, 2, 'Super admin', 'Super Administrador', NULL, '2010-06-09 17:30:16', '2010-06-09 17:30:16'),
(334, 2, 'The admin code editor is <strong>-NOT-</strong> completed yet an may not work', 'El editor de código de administración <strong>no</strong> está completado todavía y puede no funcionar', NULL, '2010-06-09 17:30:16', '2010-06-09 17:30:16'),
(335, 2, 'List', 'Lista', NULL, '2010-06-09 17:30:16', '2010-06-09 17:30:16'),
(336, 2, 'Form', 'Formulario', NULL, '2010-06-09 17:30:16', '2010-06-09 17:30:16'),
(337, 2, 'Administration', 'Administración', NULL, '2010-06-09 17:30:16', '2010-06-09 17:30:16'),
(338, 2, 'text', 'texto', NULL, '2010-06-09 17:30:16', '2010-06-09 17:30:16'),
(339, 2, 'Index state', 'Índice de estado', NULL, '2010-06-09 17:30:16', '2010-06-09 17:30:16'),
(340, 2, 'Index maintenance', 'Mantenimiento del índice', NULL, '2010-06-09 17:30:16', '2010-06-09 17:30:16'),
(341, 2, 'Search completed in %1% ms', 'Búsqueda efectuada en %1% ms', NULL, '2010-06-09 17:30:16', '2010-06-09 17:30:16'),
(342, 2, 'No results', 'No hay resultados', NULL, '2010-06-09 17:30:16', '2010-06-09 17:30:16'),
(343, 2, 'Edit template code', 'Modificar el código de plantilla', NULL, '2010-06-09 17:30:16', '2010-06-09 17:30:16'),
(344, 2, 'Edit component code', 'Código de componente Edit', NULL, '2010-06-09 17:30:16', '2010-06-09 17:30:16'),
(345, 2, 'Drag & Drop a media here', 'Arastre y suelte un medio aqu', NULL, '2010-06-09 17:30:16', '2010-06-09 17:30:16'),
(346, 2, 'Add a link to the text title', 'Añadir un vínculo al título del texto', NULL, '2010-06-09 17:30:16', '2010-06-09 17:30:16'),
(347, 2, 'Add a link to the text media', 'Añadir un enlace al medio del texto', NULL, '2010-06-09 17:30:16', '2010-06-09 17:30:16'),
(348, 2, 'Drag & Drop a page or enter an url', 'Arrastrar y suelte una página o introducir una dirección url', NULL, '2010-06-09 17:30:16', '2010-06-09 17:30:16'),
(349, 2, 'Drag & drop a page here from the PAGES panel, or write an url', 'Arrastre y suelte una página aquí desde el panel de páginas, o escribir una dirección url', NULL, '2010-06-09 17:30:16', '2010-06-09 17:30:16'),
(350, 2, 'Title position', 'Posición del título', NULL, '2010-06-09 17:30:16', '2010-06-09 17:30:16'),
(351, 2, 'Outside', 'Exterior', NULL, '2010-06-09 17:30:16', '2010-06-09 17:30:16'),
(352, 2, 'Inside', 'Interior', NULL, '2010-06-09 17:30:16', '2010-06-09 17:30:16'),
(353, 2, 'JPG quality', 'Calidad JPG', NULL, '2010-06-09 17:30:16', '2010-06-09 17:30:16'),
(354, 2, 'Dimensions', 'Dimensiones', NULL, '2010-06-09 17:30:16', '2010-06-09 17:30:16'),
(355, 2, 'Leave empty to use default quality', 'Dejar vacío para usar calidad por defecto', NULL, '2010-06-09 17:30:16', '2010-06-09 17:30:16'),
(356, 2, 'Separator', 'Separador', NULL, '2010-06-09 17:30:16', '2010-06-09 17:30:16'),
(357, 2, 'Include current page', 'Incluir la página actual', NULL, '2010-06-09 17:30:16', '2010-06-09 17:30:16'),
(358, 2, 'This CSS class is applied to the body tag', 'Esta clase CSS se aplica a la etiqueta body', NULL, '2010-06-09 17:30:16', '2010-06-09 17:30:16'),
(359, 2, 'Revision history of %1%', 'Historia de revisiones de %1%', NULL, '2010-06-09 17:30:16', '2010-06-09 17:30:16'),
(360, 2, 'Revision history', 'Historia de revisiones', NULL, '2010-06-09 17:30:16', '2010-06-09 17:30:16'),
(361, 2, 'Field', 'Campo', NULL, '2010-06-09 17:30:16', '2010-06-09 17:30:16'),
(362, 2, 'Difference', 'Diferencia', NULL, '2010-06-09 17:30:16', '2010-06-09 17:30:16'),
(363, 2, 'No revision for %1% with culture "%2%"', 'No hay revisión para %1% con la cultura "%2%"', NULL, '2010-06-09 17:30:16', '2010-06-09 17:30:16'),
(364, 2, 'Body', 'Cuerpo', NULL, '2010-06-09 17:30:16', '2010-06-09 17:30:16'),
(365, 2, 'Others', 'Otros', NULL, '2010-06-09 17:30:16', '2010-06-09 17:30:16'),
(366, 2, 'Description', 'Descripción', NULL, '2010-06-09 17:30:16', '2010-06-09 17:30:16'),
(367, 2, 'Vars', 'Vars', NULL, '2010-06-09 17:30:16', '2010-06-09 17:30:16'),
(368, 2, 'From email', 'De correo electrónico', NULL, '2010-06-09 17:30:16', '2010-06-09 17:30:16'),
(369, 2, 'To email', 'Para correo electrónico', NULL, '2010-06-09 17:30:16', '2010-06-09 17:30:16'),
(370, 2, 'Updating project', 'Actualizando el proyecto', NULL, '2010-06-09 17:30:16', '2010-06-09 17:30:16'),
(371, 2, 'Cache clearing', 'Vaciar la caché', NULL, '2010-06-09 17:30:16', '2010-06-09 17:30:16'),
(372, 2, 'Page synchronization', 'Sincronización de páginas', NULL, '2010-06-09 17:30:16', '2010-06-09 17:30:16'),
(373, 2, 'SEO synchronization', 'Sincronización de SEO', NULL, '2010-06-09 17:30:16', '2010-06-09 17:30:16'),
(374, 2, 'Interface regeneration', 'Regeneración de la interfaz', NULL, '2010-06-09 17:30:16', '2010-06-09 17:30:16'),
(375, 2, 'Something went wrong when updating project', 'Algo salió mal al actualizar el proyecto', NULL, '2010-06-09 17:30:16', '2010-06-09 17:30:16'),
(376, 2, 'Send reports', 'Enviar informes', NULL, '2010-06-09 17:30:16', '2010-06-09 17:30:16'),
(377, 2, 'Receive reports', 'Recibir los informes', NULL, '2010-06-09 17:30:16', '2010-06-09 17:30:16'),
(378, 2, 'Open Google Analytics page', 'Abrir página de Google Analytics', NULL, '2010-06-09 17:30:16', '2010-06-09 17:30:16'),
(379, 2, 'Open Google Webmaster Tools page', 'Abrir página de Herramientas para webmasters de Google', NULL, '2010-06-09 17:30:16', '2010-06-09 17:30:16'),
(380, 2, 'Revert to revision %1%', 'Revertir a la revisión %1%', NULL, '2010-06-09 17:30:16', '2010-06-09 17:30:16'),
(381, 2, '%1% has been reverted to version %2%', ' %1% se ha revuelto a la versión %2%', NULL, '2010-06-09 17:30:16', '2010-06-09 17:30:16'),
(382, 2, 'To enable it, provide a google analytics access', 'Para habilitarlo debe tener acceso a Google Analytics', NULL, '2010-06-09 17:30:16', '2010-06-09 17:30:16'),
(383, 2, 'This chart is currently not available', 'Este gráfico no está disponible', NULL, '2010-06-09 17:30:16', '2010-06-09 17:30:16'),
(384, 2, 'Generate %1% random %2%', 'Generar %1% aleatorios %2%', NULL, '2010-06-09 17:30:16', '2010-06-09 17:30:16'),
(385, 2, 'Options', 'Opciones', NULL, '2010-06-09 17:30:16', '2010-06-09 17:30:16'),
(386, 2, 'Drag & Drop an image here', 'Arrastre y suelte una imagen aquí', NULL, '2010-06-09 17:30:16', '2010-06-09 17:30:16'),
(387, 2, '"%value%" is not a valid link.', '"%value%" no es un enlace válido.', NULL, '2010-06-09 17:30:16', '2010-06-09 17:30:16'),
(388, 2, '"%value%" is not a valid directory name.', '"%value%" no es un directorio válido.', NULL, '2010-06-09 17:30:16', '2010-06-09 17:30:16'),
(389, 2, 'History', 'Historial', NULL, '2010-06-09 17:30:16', '2010-06-09 17:30:16'),
(390, 2, 'Set up a cron to update the search index', 'Configurar cron para actualizar los índices de búsqueda', NULL, '2010-06-09 17:30:16', '2010-06-09 17:30:16'),
(391, 2, 'Set up a cron to update the sitemap', 'Configurar cron para actualizar el mapa del sitio', NULL, '2010-06-09 17:30:16', '2010-06-09 17:30:16'),
(392, 2, 'Most UNIX and GNU/Linux systems allows for task planning through a mechanism known as cron. The cron checks a configuration file (a crontab) for commands to run at a certain time.', 'La mayoría de sistemas UNIX y GNU/Linux permiten planificar tareas mediante un mecanismo llamado cron. Cron examina un fichero de configuración (una crontab) en busca de comandos a ejecutar cada cierto tiempo.', NULL, '2010-06-09 17:30:16', '2010-06-09 17:30:16'),
(393, 2, 'For more information on the crontab configuration file format, type man 5 crontab in a terminal.', 'Para más información sobre la configuración de crontab, escriba "man 5 contab" en una terminal', NULL, '2010-06-09 17:30:16', '2010-06-09 17:30:16'),
(394, 2, 'Open %1% and add the line:', 'Abrir %1% y adicionar la línea', NULL, '2010-06-09 17:30:16', '2010-06-09 17:30:16'),
(395, 2, 'Cut', 'Cortar', NULL, '2010-06-09 17:30:16', '2010-06-09 17:30:16'),
(396, 2, 'Copy', 'Copiar', NULL, '2010-06-09 17:30:16', '2010-06-09 17:30:16'),
(397, 2, 'Paste', 'Pegar', NULL, '2010-06-09 17:30:16', '2010-06-09 17:30:16'),
(398, 2, 'Drag & drop links here from the left PAGE panel', 'Arrastre y suelte los enlaces desde el panel izquierdo "Página"', NULL, '2010-06-09 17:30:16', '2010-06-09 17:30:16'),
(399, 2, 'Click to edit, drag to sort', 'Clic para editar, arrastrar para ordenar', NULL, '2010-06-09 17:30:16', '2010-06-09 17:30:16'),
(400, 2, 'Code generation', 'Generación de código', NULL, '2010-06-09 17:30:16', '2010-06-09 17:30:16'),
(401, 2, '%user% is browsing this page, you should not modify it now.', '%user% está navegando en está página, no debería modificarla en este instante.', NULL, '2010-06-09 17:30:16', '2010-06-09 17:30:16'),
(402, 2, 'or create an external link', 'o cree un enlance externo', NULL, '2010-06-09 17:30:16', '2010-06-09 17:30:16'),
(403, 2, 'Back to the parent folder', 'Atrás (carpeta padre)', NULL, '2010-06-09 17:30:16', '2010-06-09 17:30:16'),
(404, 2, 'Website', 'Sitio Web', NULL, '2010-06-09 17:30:16', '2010-06-09 17:30:16'),
(405, 2, 'Message', 'Mensaje', NULL, '2010-06-09 17:30:16', '2010-06-09 17:30:16'),
(406, 2, 'Signin', 'Iniciar sesión', NULL, '2010-06-09 17:30:16', '2010-06-09 17:30:16'),
(407, 2, 'Signout', 'Cerrar sesión', NULL, '2010-06-09 17:30:16', '2010-06-09 17:30:16'),
(408, 2, 'Back to admin', 'Atrás (administración)', NULL, '2010-06-09 17:30:16', '2010-06-09 17:30:16'),
(409, 2, 'Back to site', 'Atrás (sitio)', NULL, '2010-06-09 17:30:16', '2010-06-09 17:30:16'),
(410, 2, 'Invalid mime type (%mime_type%).', '', NULL, '2010-06-09 17:30:16', '2010-06-09 17:30:16'),
(411, 2, 'Download', 'Descargar', NULL, '2010-06-09 17:30:16', '2010-06-09 17:30:16'),
(412, 2, 'Move to', 'Mover a', NULL, '2010-06-09 17:30:16', '2010-06-09 17:30:16'),
(413, 2, '[1] And one more...|(1,+Inf] And %1% more...', '[1] Y uno más ...|[1,+Inf] y %1% más...', NULL, '2010-06-09 17:30:16', '2010-06-09 17:30:16'),
(414, 2, 'Go to admin', 'Ir a la administración', NULL, '2010-06-09 17:30:16', '2010-06-09 17:30:16'),
(415, 2, 'Search for a widget', 'Buscar componente (widget)', NULL, '2010-06-09 17:30:16', '2010-06-09 17:30:16'),
(416, 2, 'Sort by %field%', 'Ordenar por %field%', NULL, '2010-06-09 17:30:16', '2010-06-09 17:30:16'),
(417, 2, 'contextual', 'Contextual', NULL, '2010-06-09 17:30:16', '2010-06-09 17:30:16'),
(418, 2, 'Accepts pages and urls', 'Aceptar páginas y URLs', NULL, '2010-06-09 17:30:16', '2010-06-09 17:30:16'),
(419, 2, 'Accepts medias and urls', 'Aceptar medias y URLs', NULL, '2010-06-09 17:30:16', '2010-06-09 17:30:16'),
(420, 2, 'Accepts pages, medias and urls', 'Aceptar paginas, medias y URLs', NULL, '2010-06-09 17:30:16', '2010-06-09 17:30:16'),
(421, 2, 'Drag pages around to move and sort them.', 'Arrastre las páginas para ordenarlas', NULL, '2010-06-09 17:30:16', '2010-06-09 17:30:16'),
(422, 2, 'Manage metas', 'Administrar metas', NULL, '2010-06-09 17:30:16', '2010-06-09 17:30:16'),
(423, 2, 'Reorder pages', 'Reordenar páginas', NULL, '2010-06-09 17:30:16', '2010-06-09 17:30:16'),
(424, 2, 'Manage pages', 'Administrar páginas', NULL, '2010-06-09 17:30:16', '2010-06-09 17:30:16'),
(425, 2, 'Click to edit', 'Clic para editar', NULL, '2010-06-09 17:30:16', '2010-06-09 17:30:16'),
(426, 2, 'Click any value in the table to modify it.', 'Clic en cualquier valor de la tabla para modificarlo', NULL, '2010-06-09 17:30:16', '2010-06-09 17:30:16'),
(427, 2, 'Choose columns to display in the table.', 'Selecciona una columna para mostrar en la tabla', NULL, '2010-06-09 17:30:16', '2010-06-09 17:30:16'),
(428, 2, 'Groups & Permissions', 'Grupos y Permisos', NULL, '2010-06-09 17:30:16', '2010-06-09 17:30:16'),
(429, 2, 'File %file% does not exist', 'El fichero %file% no existe', NULL, '2010-06-09 17:30:16', '2010-06-09 17:30:16'),
(430, 2, 'File %file% can not be deleted because a record needs it', 'El fichero %file% no puede ser eliminado porque es usado por un registro', NULL, '2010-06-09 17:30:16', '2010-06-09 17:30:16'),
(431, 2, 'Add widgets', 'Adicionar contenidos (Widgets)', NULL, '2010-06-09 17:30:16', '2010-06-09 17:30:16'),
(432, 2, 'Back to %1%', 'Atrás hasta %1%', NULL, '2010-06-09 17:30:16', '2010-06-09 17:30:16'),
(433, 2, 'Revision %number%', 'Revisión %number%', NULL, '2010-06-09 17:30:16', '2010-06-09 17:30:16'),
(434, 2, 'My account', 'Mi cuenta', NULL, '2010-06-09 17:30:16', '2010-06-09 17:30:16'),
(435, 2, 'The two passwords must be the same.', 'Las dos contraseñas deben coincidir', NULL, '2010-06-09 17:30:16', '2010-06-09 17:30:16'),
(436, 2, 'Connected', 'Conectado', NULL, '2010-06-09 17:30:16', '2010-06-09 17:30:16'),
(437, 2, 'If you set a href, a link will be inserted into the title', 'Si escribe un HREF se inserta un vínculo dentro del título', NULL, '2010-06-09 17:30:16', '2010-06-09 17:30:16'),
(438, 2, 'Template', 'Plantillas', NULL, '2010-06-09 17:30:16', '2010-06-09 17:30:16'),
(439, 2, 'Areas', 'Áreas', NULL, '2010-06-09 17:30:16', '2010-06-09 17:30:16'),
(440, 2, 'Nb pages', 'Páginas Nb', NULL, '2010-06-09 17:30:16', '2010-06-09 17:30:16'),
(441, 2, 'Manage XML sitemap', 'Administrar Mapa del Sitio (XML)', NULL, '2010-06-09 17:30:16', '2010-06-09 17:30:16'),
(442, 2, 'Pages', 'Páginas', NULL, '2010-06-09 17:30:16', '2010-06-09 17:30:16'),
(443, 2, 'Automatic SEO', 'SEO Automático', NULL, '2010-06-09 17:30:16', '2010-06-09 17:30:16'),
(444, 2, 'Not connected', 'No conectado', NULL, '2010-06-09 17:30:16', '2010-06-09 17:30:16'),
(445, 2, 'Keywords', 'Palabras clave', NULL, '2010-06-09 17:30:16', '2010-06-09 17:30:16'),
(446, 2, 'Secure', 'Seguro', NULL, '2010-06-09 17:30:16', '2010-06-09 17:30:16'),
(447, 2, 'Indexable', 'Indexable', NULL, '2010-06-09 17:30:16', '2010-06-09 17:30:16'),
(448, 2, 'Select columns', 'Seleccionar columnas', NULL, '2010-06-09 17:30:16', '2010-06-09 17:30:16'),
(449, 2, 'Successfully loremized', 'Aleatorizado satisfactoriamente', NULL, '2010-06-09 17:30:16', '2010-06-09 17:30:16'),
(450, 2, 'This file is writable', 'Este fichero se puede escribir', NULL, '2010-06-09 17:30:16', '2010-06-09 17:30:16'),
(451, 2, 'Loading', 'Cargando', NULL, '2010-06-09 17:30:16', '2010-06-09 17:30:16'),
(452, 2, 'Image', 'Imagen', NULL, '2010-06-09 17:30:16', '2010-06-09 17:30:16'),
(453, 2, 'Results', 'Resultados', NULL, '2010-06-09 17:30:16', '2010-06-09 17:30:16'),
(454, 2, 'Desc', 'Desc', NULL, '2010-06-09 17:30:16', '2010-06-09 17:30:16'),
(455, 2, 'Publication', 'Publicación', NULL, '2010-06-09 17:30:16', '2010-06-09 17:30:16'),
(456, 2, 'Layout', 'Decorador', NULL, '2010-06-09 17:30:16', '2010-06-09 17:30:16'),
(457, 2, 'Parent', 'Padre', NULL, '2010-06-09 17:30:16', '2010-06-09 17:30:16'),
(458, 2, 'Slug', 'Slug', NULL, '2010-06-09 17:30:16', '2010-06-09 17:30:16'),
(459, 2, 'Controllers', 'Controlador', NULL, '2010-06-09 17:30:16', '2010-06-09 17:30:16'),
(460, 2, 'Templates', 'Plantilla', NULL, '2010-06-09 17:30:16', '2010-06-09 17:30:16'),
(461, 2, 'Stylesheets', 'Estilos', NULL, '2010-06-09 17:30:16', '2010-06-09 17:30:16'),
(462, 2, 'Presentation', 'Presentación', NULL, '2010-06-09 17:30:16', '2010-06-09 17:30:16'),
(463, 2, 'Send', 'Enviar', NULL, '2010-06-09 17:30:16', '2010-06-09 17:30:16'),
(464, 2, 'No module to manage.', 'No hay módulos para administrar', NULL, '2010-06-09 17:30:16', '2010-06-09 17:30:16'),
(465, 2, 'Variables you can use here:', 'Variables que pueden ser usadas aquí', NULL, '2010-06-09 17:30:16', '2010-06-09 17:30:16'),
(466, 2, '1. Edit meta generation rules', '1. Editar reglas de generación de metas', NULL, '2010-06-09 17:30:16', '2010-06-09 17:30:16');
INSERT INTO dm_trans_unit (id, dm_catalogue_id, source, target, meta, created_at, updated_at) VALUES
(467, 2, 'Preview modifications without applying changes to the site', 'Previsualizar modificaciones sin aplicar los cambios en el sitio', NULL, '2010-06-09 17:30:16', '2010-06-09 17:30:16'),
(468, 2, 'Save modifications and apply changes to the site', 'Salvar modificaciones y aplicar los cambios en el sitio', NULL, '2010-06-09 17:30:16', '2010-06-09 17:30:16'),
(469, 2, '2. Preview generated metas', 'Previsualizar METAS generados', NULL, '2010-06-09 17:30:16', '2010-06-09 17:30:16'),
(470, 2, 'The page url, without domain name. Must be unique. If the slug does not start with a ''/'', the parent slug is added.', 'La dirección de la página (URL) sin el nombre de dominio. Debe ser única. Si el slug no comienza con ''/'', se añade el slug del padre.', NULL, '2010-06-09 17:30:16', '2010-06-09 17:30:16'),
(471, 2, 'The page title, without prefix nor suffix. Should be unique.', 'El título de la página, sin prefijos o sufijos. Debe ser único.', NULL, '2010-06-09 17:30:16', '2010-06-09 17:30:16'),
(472, 2, 'The page name, used by links to this page. Should be unique.', 'El nombre de la pagina, usado en los enlaces a la misma. Debe ser único.', NULL, '2010-06-09 17:30:16', '2010-06-09 17:30:16'),
(473, 2, 'Assign first header here or let it blank to let the designer choose it. Should be unique.', 'Asigne la cabecera principal aquí o déjelo en blanco para dejar al diseñador escoger. Debe ser único.', NULL, '2010-06-09 17:30:16', '2010-06-09 17:30:16'),
(474, 2, 'The page description meta, frequently displayed in search engines result page.', 'Las etiquetas meta de descripción de la página, mostradas frecuentemente en los resultados de búsqueda.', NULL, '2010-06-09 17:30:16', '2010-06-09 17:30:16'),
(475, 2, 'Provides additional meta informations to the page. Also used by Diem internal search engine.', 'Proporciona información META adicional para la página. Usado también por Diem para el buscador interno.', NULL, '2010-06-09 17:30:16', '2010-06-09 17:30:16'),
(476, 2, 'Requests per minute', 'Peticiones por minuto', NULL, '2010-06-09 17:30:16', '2010-06-09 17:30:16'),
(477, 2, 'Errors per minute', 'Errores por minuto', NULL, '2010-06-09 17:30:16', '2010-06-09 17:30:16'),
(478, 2, 'Latency in ms', 'Latencia en milisegundos(ms)', NULL, '2010-06-09 17:30:16', '2010-06-09 17:30:16'),
(479, 2, 'Memory used in %', 'Memoria usada en porcetaje(%)', NULL, '2010-06-09 17:30:16', '2010-06-09 17:30:16'),
(480, 2, 'Pages per month', 'Páginas por mes', NULL, '2010-06-09 17:30:16', '2010-06-09 17:30:16'),
(481, 2, 'Visitors per month', 'Visitantes por mes', NULL, '2010-06-09 17:30:16', '2010-06-09 17:30:16'),
(482, 2, 'Visitors', 'Visitantes', NULL, '2010-06-09 17:30:16', '2010-06-09 17:30:16'),
(483, 2, 'Bounce rate', 'Calificación', NULL, '2010-06-09 17:30:16', '2010-06-09 17:30:16'),
(484, 2, 'No results for "%1%"', 'No hay resultados para "%1%"', NULL, '2010-06-09 17:30:16', '2010-06-09 17:30:16'),
(485, 2, 'Results %1% to %2% of %3%', 'Resultados %1% a %2% de %3%', NULL, '2010-06-09 17:30:16', '2010-06-09 17:30:16'),
(486, 2, 'Items', 'Elementos', NULL, '2010-06-09 17:30:16', '2010-06-09 17:30:16'),
(487, 2, 'Save this %1% to access to the gallery', 'Guarde este %1% para acceder a la galería', NULL, '2010-06-09 17:30:16', '2010-06-09 17:30:16'),
(488, 2, 'UL CSS class', 'Clase CSS UL', NULL, '2010-06-09 17:30:16', '2010-06-09 17:30:16'),
(489, 2, 'LI CSS class', 'Clase CSS LI', NULL, '2010-06-09 17:30:16', '2010-06-09 17:30:16'),
(490, 2, 'Ascendant', 'Ascendente', NULL, '2010-06-09 17:30:16', '2010-06-09 17:30:16'),
(491, 2, 'Descendant', 'Descendente', NULL, '2010-06-09 17:30:17', '2010-06-09 17:30:17'),
(492, 2, 'Version', 'Versión', NULL, '2010-06-09 17:30:17', '2010-06-09 17:30:17'),
(493, 2, 'The widget can not be rendered because its type does not exist anymore.', 'Este componente (widget) no puede ser representado porque no existe', NULL, '2010-06-09 17:30:17', '2010-06-09 17:30:17'),
(494, 2, 'Link to this page:', 'Enlace a esta página', NULL, '2010-06-09 17:30:17', '2010-06-09 17:30:17'),
(495, 2, 'Sentence', 'Frase', NULL, '2010-06-09 17:30:17', '2010-06-09 17:30:17'),
(496, 2, 'The item was created successfully.', 'El elemento fue creado correctamente.', NULL, '2010-06-09 17:30:17', '2010-06-09 17:30:17'),
(497, 2, 'The item was created successfully. You can add another one below.', 'El elemento fue creado correctamente. Puede agregar otro abajo.', NULL, '2010-06-09 17:30:17', '2010-06-09 17:30:17'),
(498, 2, 'Heading 2', 'Encabezado 2', NULL, '2010-06-09 17:30:17', '2010-06-09 17:30:17'),
(499, 2, 'Heading 3', 'Encabezado 3', NULL, '2010-06-09 17:30:17', '2010-06-09 17:30:17'),
(500, 2, 'Heading 4', 'Encabezado 4', NULL, '2010-06-09 17:30:17', '2010-06-09 17:30:17'),
(501, 2, 'Heading 5', 'Encabezado 5', NULL, '2010-06-09 17:30:17', '2010-06-09 17:30:17'),
(502, 2, 'Bold', 'Negrita', NULL, '2010-06-09 17:30:17', '2010-06-09 17:30:17'),
(503, 2, 'Italic', 'Cursiva', NULL, '2010-06-09 17:30:17', '2010-06-09 17:30:17'),
(504, 2, 'Bulleted List', 'Lista de puntos', NULL, '2010-06-09 17:30:17', '2010-06-09 17:30:17'),
(505, 2, 'Numeric List', 'Lista numerada', NULL, '2010-06-09 17:30:17', '2010-06-09 17:30:17'),
(506, 2, 'Enlarge the editor', 'Ampliar el editor', NULL, '2010-06-09 17:30:17', '2010-06-09 17:30:17'),
(507, 2, 'Permission', 'Permiso', NULL, '2010-06-09 17:30:17', '2010-06-09 17:30:17'),
(508, 2, 'Nb sent mails', 'Núm. de correos enviados', NULL, '2010-06-09 17:30:17', '2010-06-09 17:30:17'),
(509, 2, 'Advanced search', 'Búsqueda avanzada', NULL, '2010-06-09 17:30:17', '2010-06-09 17:30:17'),
(510, 2, 'Today', 'Hoy', NULL, '2010-06-09 17:30:17', '2010-06-09 17:30:17'),
(511, 2, 'Past %number% days', 'Últimos %number% días ', NULL, '2010-06-09 17:30:17', '2010-06-09 17:30:17'),
(512, 2, 'This month', 'Este mes', NULL, '2010-06-09 17:30:17', '2010-06-09 17:30:17'),
(513, 2, 'This year', 'Este a', NULL, '2010-06-09 17:30:17', '2010-06-09 17:30:17'),
(514, 2, 'Pages per week', 'Páginas por semana', NULL, '2010-06-09 17:30:17', '2010-06-09 17:30:17'),
(515, 2, 'Visitors per week', 'Visitantes a la semana', NULL, '2010-06-09 17:30:17', '2010-06-09 17:30:17'),
(516, 2, 'Show extended options', 'Mostrar opciones extendidas', NULL, '2010-06-09 17:30:17', '2010-06-09 17:30:17'),
(517, 2, 'Hide extended options', 'Ocultar opciones extendidas', NULL, '2010-06-09 17:30:17', '2010-06-09 17:30:17');

INSERT INTO dm_user (id, username, email, algorithm, salt, password, is_active, is_super_admin, last_login, forgot_password_code, first_name, last_name, phone, type, assigned_to, live_in, ssn, dob, created_at, updated_at, created_by, updated_by) VALUES
(1, 'admin', 'admin@intranet.com', 'sha1', 'ff99d5d633c1ebc6bc2717adf5f82e0e', '11538197af340877ef6c60a43d37a70d1ed7091d', 1, 1, '2010-08-31 06:00:35', NULL, '', '', NULL, NULL, NULL, NULL, NULL, NULL, '2010-08-13 03:15:24', '2010-08-13 03:15:24', NULL, NULL),
(4, 'tm', 'tm@gmail.com', 'sha1', '60cea1ff634ec12e51b057497a7b0985', '1f62f2d6371c30edefb92f2e4a67c1b3fc5a78de', 1, 0, '2010-08-22 22:00:56', NULL, 'Telemarcador', 'Pepito', NULL, 'Agent', NULL, NULL, NULL, NULL, '2010-07-16 03:09:33', '2010-07-16 03:09:33', NULL, NULL),
(13, 'agente', 'agente@gmail.com', 'sha1', '023a07b2e8d79701ed5f2e7f5fc07eff', 'fa2c1756ea40cfe52ad0de2d2b1eb41768deea32', 1, 0, '2010-08-30 09:33:48', NULL, 'Agente', 'Pedrito', NULL, 'Agent', NULL, NULL, NULL, NULL, '2010-07-16 03:09:33', '2010-07-16 03:09:33', NULL, NULL),
(20, 'carter', 'carterhernandez@gmail.com', 'sha1', 'a6761bea28ec2e35c028d9eb3dc5d208', 'f45d03c754668a789c2ea460d4eaff0e6ee2e967', 1, 1, NULL, NULL, '', '', NULL, NULL, NULL, NULL, NULL, NULL, '2010-07-16 03:09:33', '2010-07-16 03:09:33', NULL, NULL),
(21, 'rafix', 'rafix@arklabs.com', 'sha1', 'f926838bef155e392b500537eb2f6579', 'ae3210705d8fb34a16a5174903979c726433c0af', 1, 1, NULL, NULL, '', '', NULL, NULL, NULL, NULL, NULL, NULL, '2010-07-16 03:09:33', '2010-07-16 03:09:33', NULL, NULL),
(22, 'alberto', 'alberto@arklabs.com', 'sha1', '44c6f35a8fd6310c9cff0a5d4ac676b3', '2c2f2a0ca1a29fda27b706670f4144cd42e0b208', 1, 1, NULL, NULL, '', '', NULL, NULL, NULL, NULL, NULL, NULL, '2010-07-16 03:09:33', '2010-07-16 03:09:33', NULL, NULL),
(23, 'marco', 'padovani@arklabs.com', 'sha1', '4a45a9ab57d084e2a7c08bd9f07c1ad5', 'ec3f226dbae98b86fb8958e3c4f9d5004d694788', 1, 1, NULL, NULL, '', '', NULL, NULL, NULL, NULL, NULL, NULL, '2010-07-16 03:09:33', '2010-07-16 03:09:33', NULL, NULL),
(24, 'ragente', 'ragente@gmail.com', 'sha1', '67f74779a0091be40085856d994b2ddf', '78caadcec98b79110074881f291b2ebdc7529342', 1, 0, NULL, NULL, 'Agente', 'Rafix ', '', 'Agent', NULL, NULL, NULL, NULL, '2010-07-16 06:00:46', '2010-07-16 06:00:46', NULL, NULL),
(25, 'cliente', 'cliente@gmail.com', 'sha1', '66220415295257ac05236eb6566bc4e1', 'b2254d22cb1d06a17b840d4afcba5ae66816054b', 1, 0, NULL, NULL, 'Cliente', 'Nuevo', '', 'Client', 13, 1, NULL, NULL, '2010-07-16 06:20:27', '2010-07-23 00:04:39', NULL, NULL),
(29, 'contabilidad', 'contabilidad@gmail.com', 'sha1', '4ece6194bec9b93541f53ae3941c0805', '20aa99a9a771f3fec966fe9347a443215e424064', 1, 0, '2010-08-24 23:01:11', NULL, 'Miembro', 'de Contabilidad', '', '', NULL, NULL, NULL, NULL, '2010-07-19 02:41:00', '2010-07-19 02:41:00', NULL, NULL),
(30, 'estructuracion', 'estructuracion@gmail.com', 'sha1', 'dd83d066485e5598bda341b294763639', '6c0c0e80af93312e9cd1b380efeb816b130f3c73', 1, 0, '2010-07-19 06:26:40', NULL, 'Miembro ', 'Estructuracion', '', '', NULL, NULL, NULL, NULL, '2010-07-19 02:42:31', '2010-07-19 02:42:31', NULL, NULL),
(31, 'recepcionista', 'recepcionista@gmail.com', 'sha1', '5a0c965f7f94aa2d226285b031717e04', '6c15a82e42a317e0f5bc3ab7e08dc687ea5ade82', 1, 0, '2010-08-11 23:55:54', NULL, 'Recepcionista', 'Juanita', '', '', NULL, NULL, NULL, NULL, '2010-07-19 02:43:14', '2010-07-19 02:43:14', NULL, NULL),
(32, 'procesamiento', 'procesamiento@gmail.com', 'sha1', 'c8c0b7a5c0c02ed7427f72c0ab466a2d', '5cce8a8cb7733d93a71eeaad1e19e4ede982ae75', 1, 0, '2010-08-24 23:00:39', NULL, 'Miembro ', 'de Procesamiento', '', '', NULL, NULL, NULL, NULL, '2010-07-19 04:06:48', '2010-07-19 04:06:48', NULL, NULL),
(33, 'acliente', 'aclien@gmail.com', 'sha1', '3bad374ac2afab4c3324a8113e1165bd', 'dad204a50609b8d94494297a7dafd0bed7ace804', 1, 0, NULL, NULL, 'Cliente', 'del Agente', '77777444', 'Client', 13, 3, NULL, NULL, '2010-07-19 04:58:05', '2010-07-23 00:04:11', NULL, NULL),
(35, 'cdemo', 'cdemo@gmail.com', 'sha1', 'a99d105eddf69d46ff00cd657e76dafb', 'e9fa300ca728e780fe6041353b86dcd4b47b5726', 1, 0, NULL, NULL, 'CDemostrativo', 'Apellido', '1111112222', 'Client', 13, 2, NULL, NULL, '2010-07-19 21:39:52', '2010-08-27 02:14:11', 42, 13),
(36, 'pepe', 'pepe@gmail.com', 'sha1', '360afde46473a1a077787b99bea2d126', '38172c42be9537d463c7e1a8ce37cfe3d0802a90', 1, 0, NULL, NULL, 'Pepe', 'Gonzalez', 'pepe', 'Client', 4, 1, NULL, NULL, '2010-08-07 04:53:16', '2010-08-07 04:53:17', NULL, NULL),
(37, 'creado', 'creado@gmail.com', 'sha1', '31c732a173d7e8e950bd9fbc6577f098', 'c414987e5a884fa3ac0f23c5c35950de8e87b07e', 1, 0, NULL, NULL, 'Creado Por', 'Ag. Pedrito', '', 'Client', 13, 1, NULL, NULL, '2010-08-09 05:15:20', '2010-08-09 05:15:20', 13, 13),
(38, 'resumen', 'resumen@gmail.com', 'sha1', 'd0d71f377fdc620aaba7375926979c7b', 'ad09627087632bc0f29a365deffaeb357781c8b8', 1, 0, NULL, NULL, 'Resumen', 'Cliente', '2222', 'Client', 24, 1, NULL, NULL, '2010-08-20 01:52:53', '2010-08-20 01:52:53', 4, 4),
(39, 'client', 'client@gmail.com', 'sha1', '7fa8d6d80d1bc4d95cdf71a798b30424', '28ed2c69a841ac85439aee52d0ef1245eef6f070', 1, 0, NULL, NULL, 'Client', 'Test', '2222', 'Client', 13, 1, NULL, NULL, '2010-08-20 06:20:56', '2010-08-20 06:21:47', NULL, 13),
(40, 'ultimo', 'ultimo@gmail.com', 'sha1', 'f4acf1829ba61e1a1d2fd6e06d780739', '726ef0a79590bfdacac7e06803cd7ae8315520fe', 1, 0, NULL, NULL, 'Ultimo', 'Cliente', '', 'Client', 13, 2, NULL, NULL, '2010-08-20 06:31:57', '2010-08-21 12:33:54', 13, 1),
(41, 'tm2', 'tm2@gmail.com', 'sha1', 'f89138559332bf0e61e484d24760f0bb', 'ac6a71ecdc571b74651867d524ca8edd7c3684a7', 1, 0, '2010-08-22 22:12:26', NULL, 'tm2', 'tm', '', 'Telemarker', NULL, NULL, NULL, NULL, '2010-08-22 22:07:34', '2010-08-22 22:10:01', NULL, 1);

INSERT INTO dm_user_group (dm_user_id, dm_group_id) VALUES
(4, 8),
(41, 8),
(13, 9),
(24, 9),
(31, 11),
(32, 12),
(30, 13),
(29, 14);


INSERT INTO dm_widget (id, dm_zone_id, module, action, css_class, position, updated_at) VALUES
(1, 1, 'dmWidgetContent', 'title', NULL, -1, '2010-06-09 17:30:12'),
(2, 2, 'dmUser', 'signin', NULL, -2, '2010-06-09 17:30:13'),
(3, 4, 'main', 'myCustomMenu', NULL, 5, '2010-06-23 14:18:34'),
(6, 11, 'dmUser', 'signin', '', 1, '2010-06-09 19:57:48'),
(7, 4, 'main', 'logo', 'logo', 3, '2010-06-26 11:17:52'),
(8, 9, 'event', 'list', 'min-border-space', 1, '2010-06-11 09:09:02'),
(9, 4, 'main', 'userInfo', '', 4, '2010-06-23 14:18:34'),
(10, 5, 'main', 'mainDashBoard', 'dashboard', 1, '2010-08-14 03:56:04'),
(11, 13, 'dmWidgetSearch', 'results', NULL, -3, '2010-06-10 12:17:20'),
(13, 14, 'dmWidgetSearch', 'results', '', 1, '2010-06-10 12:19:30'),
(14, 8, 'main', 'notifications', '', 1, '2010-06-10 14:24:13'),
(15, 4, 'main', 'ajaxloader', '', 2, '2010-06-23 14:18:34'),
(17, 15, 'event', 'show', 'ev-show min-border-space', 1, '2010-06-11 11:28:12'),
(21, 4, 'dmTag', 'popular', '', 6, '2010-07-02 21:58:17'),
(22, 10, 'client', 'list', 'min-border-space', 1, '2010-07-14 09:57:15'),
(23, 8, 'event', 'fullcalendar', 'min-border-space', 3, '2010-07-19 04:09:28'),
(24, 19, 'clientFile', 'fullcalendar', 'min-border-space', 2, '2010-07-19 04:10:20'),
(25, 16, 'event', 'list', 'min-border-space', 1, '2010-07-17 10:53:52'),
(26, 20, 'clientFile', 'list', 'min-border-space', 1, '2010-07-17 10:55:06'),
(27, 21, 'client', 'list', 'min-border-space', 1, '2010-07-17 10:53:11'),
(29, 23, 'client', 'geoClientsList', 'min-border-space', 1, '2010-07-19 01:38:39'),
(30, 23, 'main', 'geolocalizador', 'min-border-space', -4, '2010-07-19 01:38:25'),
(31, 24, 'main', 'geolocalizador', 'min-border-space', 1, '2010-07-19 02:23:22'),
(32, 24, 'event', 'geoEventsList', 'min-border-space', 2, '2010-07-19 02:24:03'),
(33, 8, 'main', 'legend', '', 2, '2010-08-23 23:32:33'),
(34, 19, 'main', 'tramitlegend', '', 1, '2010-08-23 23:34:58'),
(36, 25, 'callCenter', 'list', 'min-border-space', 1, '2010-08-03 22:27:24'),
(43, 26, 'main', 'reportDashBoard', 'dashboard', 1, '2010-08-19 23:30:22'),
(52, 27, 'main', 'reportDatesByAgentConfig', '', 2, '2010-08-19 04:38:39'),
(53, 27, 'main', 'reportCore', NULL, 3, '2010-08-19 04:38:39'),
(55, 26, 'main', 'reportDashBoardAutoToogle', '', 3, '2010-08-19 23:30:24'),
(56, 28, 'client', 'summary', '', 1, '2010-08-19 23:46:03'),
(57, 29, 'client', 'summary', 'min-border-space', 1, '2010-08-20 01:27:06'),
(58, 31, 'main', 'reportDatesByTelemarkerConfig', '', 1, '2010-08-20 03:55:40'),
(59, 31, 'main', 'reportCore', NULL, 2, '2010-08-20 03:55:55'),
(60, 30, 'main', 'reportDatesByCityConfig', '', 1, '2010-08-20 03:58:06'),
(61, 30, 'main', 'reportCore', NULL, 2, '2010-08-20 03:58:21');

INSERT INTO dm_widget_translation (id, value, lang) VALUES
(1, '{"text":"Page not found","tag":"h1"}', 'es'),
(2, '[]', 'es'),
(3, '{"cssClass":null}', 'es'),
(6, '[]', 'es'),
(7, '[]', 'es'),
(8, '{"orderField":"date_start","orderType":"asc","maxPerPage":null,"navTop":true,"navBottom":false}', 'es'),
(9, '[]', 'es'),
(10, '[]', 'es'),
(11, '[]', 'es'),
(13, '{"maxPerPage":10,"navBottom":true,"navTop":false}', 'es'),
(14, '[]', 'es'),
(15, '[]', 'es'),
(17, '{"recordId":null}', 'es'),
(21, '[]', 'es'),
(22, '{"orderField":"id","orderType":"asc","maxPerPage":null,"navTop":false,"navBottom":false}', 'es'),
(23, '[]', 'es'),
(24, '[]', 'es'),
(25, '{"orderField":"date_start","orderType":"asc","maxPerPage":5,"navTop":true,"navBottom":false}', 'es'),
(26, '{"orderField":"id","orderType":"asc","maxPerPage":5,"navTop":false,"navBottom":false}', 'es'),
(27, '{"orderField":"id","orderType":"asc","maxPerPage":5,"navTop":false,"navBottom":false}', 'es'),
(29, '[]', 'es'),
(30, '[]', 'es'),
(31, '[]', 'es'),
(32, '[]', 'es'),
(33, '[]', 'es'),
(34, '[]', 'es'),
(36, '{"orderField":"client_id","orderType":"asc","maxPerPage":null,"navTop":false,"navBottom":false}', 'es'),
(43, '[]', 'es'),
(52, '[]', 'es'),
(53, '{"cssClass":null}', 'es'),
(55, '[]', 'es'),
(56, '[]', 'es'),
(57, '[]', 'es'),
(58, '[]', 'es'),
(59, '{"cssClass":null}', 'es'),
(60, '[]', 'es'),
(61, '{"cssClass":null}', 'es');

INSERT INTO dm_zone (id, dm_area_id, css_class, width, position) VALUES
(1, 1, NULL, NULL, -1),
(2, 2, NULL, NULL, -2),
(3, 3, 'hide-zone', '', -3),
(4, 4, 'sidebar', '245', -4),
(5, 5, 'bg-radial-gradient content-min-height no-scroll', '800', -5),
(6, 6, 'hide-zone', '', -6),
(7, 7, 'hide-zone', '', -7),
(8, 8, 'bg-radial-gradient search-respectfull', '', -8),
(9, 9, 'bg-radial-gradient content-min-height search-respectfull', '', -9),
(10, 10, 'bg-radial-gradient content-min-height search-respectfull', '', -10),
(11, 11, NULL, NULL, -11),
(12, 12, NULL, NULL, -12),
(13, 13, NULL, NULL, -13),
(14, 14, NULL, NULL, -14),
(15, 15, 'bg-radial-gradient content-min-height', '', -15),
(16, 16, 'bg-radial-gradient search-respectfull content-min-height', '', -16),
(17, 17, NULL, NULL, -17),
(18, 18, NULL, NULL, -18),
(19, 19, 'bg-radial-gradient search-respectfull', '', -19),
(20, 20, 'bg-radial-gradient search-respectfull content-min-height', '', -20),
(21, 21, 'bg-radial-gradient search-respectfull content-min-height', '', -21),
(22, 22, NULL, NULL, -22),
(23, 23, 'bg-radial-gradient search-respectfull content-min-height', '', -23),
(24, 24, 'bg-radial-gradient search-respectfull content-min-height', '', -24),
(25, 25, 'bg-radial-gradient search-respectfull content-min-height', '', -25),
(26, 26, 'bg-radial-gradient content-min-height no-scroll', '', -26),
(27, 27, 'bg-radial-gradient search-respectfull content-min-height', '', -27),
(28, 28, NULL, NULL, -28),
(29, 29, 'bg-radial-gradient search-respectfull content-min-height', '', -29),
(30, 30, NULL, NULL, -30),
(31, 31, NULL, NULL, -31);

INSERT INTO employment (id, company_id, client_id, title, phone, start_date, end_date) VALUES
(1, 1, 40, 'Despachador', '', '2010-05-10 00:00:00', '2010-07-10 00:00:00'),
(2, 1, 40, 'Cocinero', '', '2010-05-10 00:00:00', NULL);

INSERT INTO event (id, title, category_id, status_id, date_start, date_end, description, is_active, dm_user_id, is_new, location, city_id, client_id, created_at, updated_at, created_by, updated_by, version, phraseology_id) VALUES
(1, 'prueba', 2, 3, '2010-08-17 00:00:00', '2010-08-17 00:00:00', 'prueba', 1, 1, 0, '', 1, NULL, '2010-08-18 00:22:54', '2010-08-18 00:22:54', 1, 1, 1, NULL),
(4, 'Primera cita', 1, 1, '2010-08-11 00:00:00', '2010-08-11 00:00:00', 'asdasdasd', 1, 1, 0, '', 1, NULL, '2010-08-19 01:07:44', '2010-08-19 01:07:44', 1, 1, 1, NULL),
(5, 'Cita ', 2, 1, '2010-08-10 00:00:00', '2010-08-10 00:00:00', 'cita', 1, 13, 0, '', 1, NULL, '2010-08-19 02:59:19', '2010-08-30 09:35:54', 4, 13, 3, NULL),
(6, 'Segunda Cita ', 1, 1, '2010-08-18 00:00:00', '2010-08-18 00:00:00', 'adsasdjlnasjdn', 1, 13, 0, '', 1, NULL, '2010-08-19 04:50:38', '2010-08-25 02:16:10', 4, 13, 4, NULL),
(7, 'Tercera cita', 1, 1, '2010-08-25 00:00:00', '2010-08-25 00:00:00', 'sdasdasdas', 1, 24, 1, '', 1, NULL, '2010-08-19 04:51:07', '2010-08-19 04:51:07', 4, 4, 1, NULL),
(8, 'Segunda Cita', 1, 1, '2010-08-17 00:00:00', '2010-08-17 00:00:00', 'Descripcion de la segunda cita', 1, 1, 0, '', 1, NULL, '2010-08-20 05:53:44', '2010-08-20 05:53:44', 1, 1, 1, NULL),
(9, 'Cita a agente', 1, 1, '2010-08-18 00:00:00', '2010-08-18 00:00:00', 'Esta es una cita apra agente', 1, 24, 1, '', 1, NULL, '2010-08-22 22:13:43', '2010-08-22 22:13:43', 41, 41, 1, NULL),
(10, 'Cancelado', 1, 6, '2010-08-18 00:00:00', '2010-08-18 00:00:00', 'cancelado', 1, 13, 0, '', 1, 33, '2010-08-25 11:04:35', '2010-08-27 02:17:14', 13, 13, 3, NULL),
(11, 'Concluido', 1, 2, '2010-08-10 00:00:00', '2010-08-10 00:00:00', 'Concluido', 1, 13, 0, '', 1, NULL, '2010-08-25 11:09:48', '2010-08-25 11:09:48', 13, 13, 1, NULL),
(12, 'Reasignado', 1, 8, '2010-08-11 00:00:00', '2010-08-11 00:00:00', 'reasignado', 1, 13, 0, '', 1, NULL, '2010-08-25 11:10:22', '2010-08-25 12:45:28', 13, 13, 3, NULL),
(13, 'Seguimiento', 1, 4, '2010-08-12 00:00:00', '2010-08-14 00:00:00', 'Seguimiento', 1, 13, 0, '', 1, NULL, '2010-08-25 11:10:49', '2010-08-27 02:00:29', 13, 13, 2, NULL),
(14, 'No Show', 1, 5, '2010-08-17 00:00:00', '2010-08-17 00:00:00', 'no show', 1, 13, 0, '', 1, NULL, '2010-08-25 11:11:26', '2010-08-27 01:59:47', 13, 13, 3, NULL),
(15, 'Cerrado', 1, 7, '2010-08-10 00:00:00', '2010-08-10 00:00:00', 'cancelado', 1, 13, 0, '', 1, 35, '2010-08-25 11:11:56', '2010-08-27 02:18:05', 13, 13, 5, NULL),
(16, 'Asignado', 1, 9, '2010-08-11 00:00:00', '2010-08-11 00:00:00', 'Asignado', 1, 13, 0, '', 1, NULL, '2010-08-25 11:22:56', '2010-08-25 22:26:10', 13, 13, 3, NULL);

INSERT INTO event_category (id, name, css_class_list) VALUES
(1, 'Cita', 'ev-cat-meeting'),
(2, 'Reunion', 'ev-cat-buissness-meeting'),
(3, 'Recordatorio', 'ev-cat-reminder'),
(4, 'Privado', 'ev-cat-private');

INSERT INTO event_category_status (id, event_status_id, event_category_id) VALUES
(1, 1, 4),
(2, 2, 4),
(3, 3, 4),
(4, 1, 1),
(5, 2, 1),
(6, 4, 1),
(7, 5, 1),
(8, 6, 1),
(9, 7, 1),
(10, 8, 1),
(11, 9, 1),
(12, 1, 3),
(13, 2, 3),
(14, 3, 3),
(15, 1, 2),
(16, 2, 2),
(17, 3, 2);

INSERT INTO event_dm_tag (id, dm_tag_id) VALUES
(10, 5),
(10, 6),
(10, 7),
(15, 7);

INSERT INTO event_status (id, name, css_class_list) VALUES
(1, 'Pendiente', 'ev-stat-pending'),
(2, 'Concluido', 'ev-stat-finished'),
(3, 'En Progreso', 'ev-stat-in-progress'),
(4, 'Seguimiento', 'ev-stat-follow'),
(5, 'NO SHOW ', 'ev-stat-no-show'),
(6, 'Cancelado', 'ev-stat-cancelled'),
(7, 'Cerrado', 'ev-stat-closed'),
(8, 'Reasignado', 'ev-stat-reassigned'),
(9, 'Asignado', 'ev-stat-assigned');

INSERT INTO event_version (id, title, category_id, status_id, date_start, date_end, description, is_active, dm_user_id, is_new, location, city_id, client_id, created_at, updated_at, created_by, updated_by, version, phraseology_id) VALUES
(1, 'prueba', 2, 3, '2010-08-17 00:00:00', '2010-08-17 00:00:00', 'prueba', 1, 1, 0, '', 1, NULL, '2010-08-18 00:22:54', '2010-08-18 00:22:54', 1, 1, 1, NULL),
(4, 'Primera cita', 1, 1, '2010-08-11 00:00:00', '2010-08-11 00:00:00', 'asdasdasd', 1, 1, 0, '', 1, NULL, '2010-08-19 01:07:44', '2010-08-19 01:07:44', 1, 1, 1, NULL),
(5, 'Cita ', 1, 1, '2010-08-10 00:00:00', '2010-08-10 00:00:00', 'cita', 1, 24, 1, '', 1, NULL, '2010-08-19 02:59:19', '2010-08-19 02:59:19', 4, 4, 1, NULL),
(5, 'Cita ', 2, 2, '2010-08-10 00:00:00', '2010-08-10 00:00:00', 'cita', 1, 1, 0, '', 1, NULL, '2010-08-19 02:59:19', '2010-08-29 05:39:00', 4, 1, 2, NULL),
(5, 'Cita ', 2, 1, '2010-08-10 00:00:00', '2010-08-10 00:00:00', 'cita', 1, 13, 0, '', 1, NULL, '2010-08-19 02:59:19', '2010-08-30 09:35:54', 4, 13, 3, NULL),
(6, 'Segunda Cita ', 1, 1, '2010-08-18 00:00:00', '2010-08-18 00:00:00', 'adsasdjlnasjdn', 1, 13, 1, '', 1, NULL, '2010-08-19 04:50:38', '2010-08-19 04:50:38', 4, 4, 1, NULL),
(6, 'Segunda Cita ', 1, 2, '2010-08-18 00:00:00', '2010-08-18 00:00:00', 'adsasdjlnasjdn', 1, 13, 0, '', 1, NULL, '2010-08-19 04:50:38', '2010-08-19 05:04:13', 4, 13, 2, NULL),
(6, 'Segunda Cita ', 1, 3, '2010-08-18 00:00:00', '2010-08-18 00:00:00', 'adsasdjlnasjdn', 1, 13, 0, '', 1, NULL, '2010-08-19 04:50:38', '2010-08-25 01:51:34', 4, 13, 3, NULL),
(6, 'Segunda Cita ', 1, 1, '2010-08-18 00:00:00', '2010-08-18 00:00:00', 'adsasdjlnasjdn', 1, 13, 0, '', 1, NULL, '2010-08-19 04:50:38', '2010-08-25 02:16:10', 4, 13, 4, NULL),
(7, 'Tercera cita', 1, 1, '2010-08-25 00:00:00', '2010-08-25 00:00:00', 'sdasdasdas', 1, 24, 1, '', 1, NULL, '2010-08-19 04:51:07', '2010-08-19 04:51:07', 4, 4, 1, NULL),
(8, 'Segunda Cita', 1, 1, '2010-08-17 00:00:00', '2010-08-17 00:00:00', 'Descripcion de la segunda cita', 1, 1, 0, '', 1, NULL, '2010-08-20 05:53:44', '2010-08-20 05:53:44', 1, 1, 1, NULL),
(9, 'Cita a agente', 1, 1, '2010-08-18 00:00:00', '2010-08-18 00:00:00', 'Esta es una cita apra agente', 1, 24, 1, '', 1, NULL, '2010-08-22 22:13:43', '2010-08-22 22:13:43', 41, 41, 1, NULL),
(10, 'Cancelado', 1, 6, '2010-08-09 00:00:00', '2010-08-09 00:00:00', 'cancelado', 1, 13, 0, '', 1, NULL, '2010-08-25 11:04:35', '2010-08-25 11:04:35', 13, 13, 1, NULL),
(10, 'Cancelado', 1, 6, '2010-08-18 00:00:00', '2010-08-18 00:00:00', 'cancelado', 1, 13, 0, '', 1, NULL, '2010-08-25 11:04:35', '2010-08-25 11:28:07', 13, 13, 2, NULL),
(10, 'Cancelado', 1, 6, '2010-08-18 00:00:00', '2010-08-18 00:00:00', 'cancelado', 1, 13, 0, '', 1, 33, '2010-08-25 11:04:35', '2010-08-27 02:17:14', 13, 13, 3, NULL),
(11, 'Concluido', 1, 2, '2010-08-10 00:00:00', '2010-08-10 00:00:00', 'Concluido', 1, 13, 0, '', 1, NULL, '2010-08-25 11:09:48', '2010-08-25 11:09:48', 13, 13, 1, NULL),
(12, 'En progreso', 1, 4, '2010-08-11 00:00:00', '2010-08-11 00:00:00', 'Progreso', 1, 13, 0, '', 1, NULL, '2010-08-25 11:10:22', '2010-08-25 11:10:22', 13, 13, 1, NULL),
(12, 'Reasignado', 1, 8, '2010-08-11 00:00:00', '2010-08-11 00:00:00', 'reasignado', 1, 13, 0, '', 1, NULL, '2010-08-25 11:10:22', '2010-08-25 11:12:48', 13, 13, 2, NULL),
(12, 'Reasignado', 1, 8, '2010-08-11 00:00:00', '2010-08-11 00:00:00', 'reasignado', 1, 13, 0, '', 1, NULL, '2010-08-25 11:10:22', '2010-08-25 12:45:28', 13, 13, 3, NULL),
(13, 'Seguimiento', 1, 4, '2010-08-12 00:00:00', '2010-08-12 00:00:00', 'Seguimiento', 1, 13, 0, '', 1, NULL, '2010-08-25 11:10:49', '2010-08-25 11:10:49', 13, 13, 1, NULL),
(13, 'Seguimiento', 1, 4, '2010-08-12 00:00:00', '2010-08-14 00:00:00', 'Seguimiento', 1, 13, 0, '', 1, NULL, '2010-08-25 11:10:49', '2010-08-27 02:00:29', 13, 13, 2, NULL),
(14, 'No Show', 1, 5, '2010-08-13 00:00:00', '2010-08-13 00:00:00', 'no show', 1, 13, 0, '', 1, NULL, '2010-08-25 11:11:26', '2010-08-25 11:11:26', 13, 13, 1, NULL),
(14, 'No Show', 1, 5, '2010-08-12 00:00:00', '2010-08-12 00:00:00', 'no show', 1, 13, 0, '', 1, NULL, '2010-08-25 11:11:26', '2010-08-25 11:29:02', 13, 13, 2, NULL),
(14, 'No Show', 1, 5, '2010-08-17 00:00:00', '2010-08-17 00:00:00', 'no show', 1, 13, 0, '', 1, NULL, '2010-08-25 11:11:26', '2010-08-27 01:59:47', 13, 13, 3, NULL),
(15, 'Cancelado', 1, 6, '2010-08-14 00:00:00', '2010-08-14 00:00:00', 'cancelado', 1, 13, 0, '', 1, NULL, '2010-08-25 11:11:56', '2010-08-25 11:11:56', 13, 13, 1, NULL),
(15, 'Cancelado', 1, 7, '2010-08-14 00:00:00', '2010-08-14 00:00:00', 'cancelado', 1, 13, 0, '', 1, NULL, '2010-08-25 11:11:56', '2010-08-25 11:12:13', 13, 13, 2, NULL),
(15, 'Cancelado', 1, 7, '2010-08-10 00:00:00', '2010-08-10 00:00:00', 'cancelado', 1, 13, 0, '', 1, NULL, '2010-08-25 11:11:56', '2010-08-25 11:23:38', 13, 13, 3, NULL),
(15, 'Cerrado', 1, 7, '2010-08-10 00:00:00', '2010-08-10 00:00:00', 'cancelado', 1, 13, 0, '', 1, NULL, '2010-08-25 11:11:56', '2010-08-25 11:31:42', 13, 13, 4, NULL),
(15, 'Cerrado', 1, 7, '2010-08-10 00:00:00', '2010-08-10 00:00:00', 'cancelado', 1, 13, 0, '', 1, 35, '2010-08-25 11:11:56', '2010-08-27 02:18:05', 13, 13, 5, NULL),
(16, 'Asignado', 1, 9, '2010-08-11 00:00:00', '2010-08-11 00:00:00', 'Asignado', 1, 13, 0, '', 1, NULL, '2010-08-25 11:22:56', '2010-08-25 11:22:56', 13, 13, 1, NULL),
(16, 'Asignado', 1, 9, '2010-08-10 00:00:00', '2010-08-10 00:00:00', 'Asignado', 1, 13, 0, '', 1, NULL, '2010-08-25 11:22:56', '2010-08-25 22:25:45', 13, 13, 2, NULL),
(16, 'Asignado', 1, 9, '2010-08-11 00:00:00', '2010-08-11 00:00:00', 'Asignado', 1, 13, 0, '', 1, NULL, '2010-08-25 11:22:56', '2010-08-25 22:26:10', 13, 13, 3, NULL);

INSERT INTO expense (id, name) VALUES
(1, 'Auto'),
(2, 'Bank service charge'),
(3, 'Books'),
(4, 'Cable'),
(5, 'Charity'),
(6, 'Clothes'),
(7, 'Computer'),
(8, 'Dining'),
(9, 'Education'),
(10, 'Entertainment'),
(11, 'Gifts'),
(12, 'Groceries'),
(13, 'Hobbies'),
(14, 'Insurance'),
(15, 'Medical expenses'),
(16, 'Miscellaneous'),
(17, 'Online services'),
(18, 'Phone'),
(19, 'Public transportation'),
(20, 'Subscriptions'),
(21, 'Supplies'),
(22, 'Taxes'),
(23, 'Utilities'),
(24, 'Childcare'),
(25, 'Education loan interest'),
(26, 'Vehicle loan interest'),
(27, 'Rent');

INSERT INTO file_type (id, name, css_class_list) VALUES
(1, 'Modification', 'ev-file-modification'),
(2, 'Real Estate', 'ev-file-realestate'),
(3, 'Short Sale', 'ev-file-ssale');

INSERT INTO house (id, address, city_id, zipcode) VALUES
(1, 'address sample', 1, NULL),
(2, 'sample address2', 1, NULL);

INSERT INTO income (id, name) VALUES
(1, 'Bonus'),
(2, 'Gifts received'),
(3, 'Interest income'),
(4, 'Other income'),
(5, 'Salary'),
(6, 'Investment income');




INSERT INTO liabilities (id, name) VALUES
(1, 'Credit card'),
(2, 'Education loan'),
(3, 'Vehicle loan');



INSERT INTO phraseology (id, title, content, pos_rank, neg_rank, is_active) VALUES
(1, 'Mejor de todas ', 'Este es el contenido de la mejor de todas', 4, 0, 1),
(2, 'Segunda ', 'Este es el contenido de la segunda mejor de todas.', 2, 0, 1);

INSERT INTO property (client_id, house_id, bank_id, mortgage_payment, rent_amount_received, is_the_property_being_modified) VALUES
(40, 1, NULL, NULL, NULL, NULL);

INSERT INTO state (id, name) VALUES
(1, 'California');
SET FOREIGN_KEY_CHECKS=1;
COMMIT;

/*!40101 SET CHARACTER_SET_CLIENT=@OLD_CHARACTER_SET_CLIENT */;
/*!40101 SET CHARACTER_SET_RESULTS=@OLD_CHARACTER_SET_RESULTS */;
/*!40101 SET COLLATION_CONNECTION=@OLD_COLLATION_CONNECTION */;
